Date,000001.SH,T.CFE,NH0100.NHF,SPX.GI,TY.CBT,CRB.RB
2018-01-02,3348.3259,92.64,1422.97,2695.81,123.6875,194.72
2018-01-03,3369.1084,92.635,1417.58,2713.06,123.8125,195.35
2018-01-04,3385.7102,92.465,1425.7,2723.99,123.6563,195.37
2018-01-05,3391.7501,92.45,1421.28,2743.15,123.4844,193.45
2018-01-08,3409.4795,92.655,1427.7,2747.71,123.4844,192.92
2018-01-09,3413.8996,92.645,1430.53,2751.29,123.0469,194.16
2018-01-10,3421.8343,92.34,1426.44,2748.23,123,194.86
2018-01-11,3425.3449,92.13,1429.46,2767.56,123.0625,195.16
2018-01-12,3428.9407,92.275,1420.62,2786.24,122.9531,196.06
2018-01-15,3410.4882,92.04,1420.11,2786.24,122.9531,196.06
2018-01-16,3436.594,91.97,1404.8,2776.42,122.9688,195.11
2018-01-17,3444.6713,91.75,1402.03,2802.56,122.5781,196.4
2018-01-18,3474.754,91.495,1405.33,2798.03,122.4219,196.34
2018-01-19,3487.864,91.505,1410.07,2810.3,122.125,195.5
2018-01-22,3501.3622,91.79,1412.81,2832.97,122.1875,196.22
2018-01-23,3546.5048,91.755,1408.26,2839.13,122.5,196.94
2018-01-24,3559.4653,91.77,1405.2,2837.54,122.2188,199.51
2018-01-25,3548.307,91.885,1423.81,2839.25,122.4219,199.34
2018-01-26,3558.1288,91.905,1416.22,2872.87,122.0625,200.52
2018-01-29,3523.0007,91.865,1417.5,2853.53,121.8438,199.54
2018-01-30,3488.009,91.785,1405.81,2822.43,121.6406,198.14
2018-01-31,3480.8334,91.94,1402.74,2823.81,121.5938,197.38
2018-02-01,3446.9799,92.13,1395.54,2821.98,121.0938,198.35
2018-02-02,3462.0808,91.97,1403.66,2762.13,120.8125,197.44
2018-02-05,3487.497,91.755,1409.32,2648.94,122,195.611
2018-02-06,3370.652,92.095,1400.68,2695.14,121.2188,195.078
2018-02-07,3309.2598,92.145,1404.44,2681.66,121.0625,192.152
2018-02-08,3262.0504,91.825,1395.37,2581,121.0313,191.613
2018-02-09,3129.8508,92.07,1387.88,2619.55,120.9688,188.204
2018-02-12,3154.1254,92.13,1393.04,2656,120.8594,189.08
2018-02-13,3184.9587,92.02,1396.74,2662.94,121.0469,189.84
2018-02-14,3199.1589,91.94,1408.19,2698.63,120.3906,192.39
2018-02-22,3268.5589,91.7,1410.02,2703.96,120.3594,195.27
2018-02-23,3289.0241,91.795,1429.91,2747.3,120.75,195.99
2018-02-26,3329.5737,92.305,1439.84,2779.6,120.7656,196.75
2018-02-27,3292.0679,92.66,1437.6,2744.28,120.4375,195.39
2018-02-28,3259.408,92.645,1432.39,2713.83,120.0938,193.95
2018-03-01,3273.7549,92.655,1435.66,2677.67,120.5469,193.95
2018-03-02,3254.5283,92.635,1434.35,2691.25,120.1563,194.12
2018-03-05,3256.9263,92.63,1420.22,2720.94,120,196.67
2018-03-06,3289.6419,92.99,1422.04,2728.12,120,196.76
2018-03-07,3271.6683,92.965,1411.07,2726.8,120.0313,194.44
2018-03-08,3288.4055,92.94,1394.13,2738.97,120.2031,193.66
2018-03-09,3307.1656,92.93,1373.03,2786.57,120.0156,195.15
2018-03-12,3326.6992,93.01,1371.24,2783.02,120.1719,194.53
2018-03-13,3310.2389,92.695,1369.78,2765.31,120.3594,194.28
2018-03-14,3291.3819,92.67,1381.94,2749.48,120.5469,194.49
2018-03-15,3291.112,92.81,1377.79,2747.33,120.4531,193.89
2018-03-16,3269.8821,92.83,1372.36,2752.01,120.3594,194.46
2018-03-19,3279.2517,92.92,1356.55,2712.92,120.2656,192.9
2018-03-20,3290.6399,93.225,1352.16,2716.94,119.9688,194.15
2018-03-21,3280.9521,93.175,1347.69,2711.93,120.1406,196.02
2018-03-22,3263.4803,93.395,1352.35,2643.69,120.5625,195.23
2018-03-23,3152.7608,93.97,1314.59,2588.26,120.6719,196.26
2018-03-26,3133.7218,93.8,1308.59,2658.55,120.3906,195.77
2018-03-27,3166.6488,93.78,1317.14,2612.62,120.9844,195.57
2018-03-28,3122.2895,93.75,1305.15,2605,120.8594,194.31
2018-03-29,3160.5306,93.68,1309.71,2640.87,121.0313,195.36
2018-03-30,3168.8966,93.635,1328.01,2640.87,121.0313,195.36
2018-04-02,3163.179,93.65,1334.81,2581.88,121.2344,193.38
2018-04-03,3136.6332,93.47,1333.1,2614.45,120.8906,193.21
2018-04-04,3131.1114,93.55,1329.53,2644.69,120.7031,192.34
2018-04-09,3138.2936,93.81,1340.17,2613.16,120.9375,194.97
2018-04-10,3190.3216,93.52,1345.33,2656.87,120.7656,197.11
2018-04-11,3208.0818,93.74,1339.3,2642.19,120.8906,198.83
2018-04-12,3180.1583,93.9,1333.51,2663.99,120.4531,199.3
2018-04-13,3159.0521,93.88,1338.8,2656.3,120.5,199.7
2018-04-16,3110.6489,94.355,1323.66,2677.84,120.4688,199.55
2018-04-17,3066.7967,94.34,1330.94,2706.39,120.4531,199.38
2018-04-18,3091.3987,95.345,1343.39,2708.64,120.125,202.97
2018-04-19,3117.376,95.12,1369.89,2693.13,119.8594,201.86
2018-04-20,3071.5425,95.075,1350.53,2670.14,119.4688,201.92
2018-04-23,3068.012,94.805,1368.49,2670.29,119.3125,200.73
2018-04-24,3128.9271,94.93,1362.86,2634.56,119.1875,200.08
2018-04-25,3117.9739,94.575,1363.24,2639.4,119.0313,200.69
2018-04-26,3075.0301,94.685,1357.89,2666.94,119.3594,201.22
2018-04-27,3082.2316,94.5,1355.3,2669.91,119.5,201.39
2018-05-02,3081.1773,94.39,1376.22,2635.67,119.5,201.6
2018-05-03,3100.8586,94.59,1374.75,2629.73,119.6875,202.1
2018-05-04,3091.0334,94.77,1374.48,2663.42,119.6563,203.25
2018-05-07,3136.6448,94.405,1379.46,2672.63,119.6719,203.64
2018-05-08,3161.4976,94.035,1376.76,2671.92,119.4375,202.09
2018-05-09,3159.1502,93.885,1366.34,2697.79,119.2188,203.7
2018-05-10,3174.4127,94.125,1372.94,2723.07,119.4063,204.52
2018-05-11,3163.2632,94.1,1383.31,2727.72,119.375,203.56
2018-05-14,3174.032,94.105,1383.52,2730.13,119.1563,203.83
2018-05-15,3192.1183,94.04,1382.35,2711.45,118.6563,203.45
2018-05-16,3169.5652,94.12,1380.23,2722.46,118.5,203.76
2018-05-17,3154.2825,93.895,1377.75,2720.13,118.4688,203.56
2018-05-18,3193.3034,94.07,1379.13,2712.97,118.8906,203.69
2018-05-21,3213.8404,94.3,1378.6,2733.01,118.8906,205.69
2018-05-22,3214.3497,94.66,1371.74,2724.44,118.8906,206.2
2018-05-23,3168.9642,94.67,1363.34,2733.29,119.4063,206.38
2018-05-24,3154.6506,94.575,1370.8,2727.76,119.4844,205.66
2018-05-25,3141.3032,95.085,1367.67,2721.33,120,203.34
2018-05-28,3135.0821,94.89,1366.59,2721.33,120,203.34
2018-05-29,3120.4605,95.06,1384.38,2689.86,120.8281,201.82
2018-05-30,3041.4434,95.15,1374.6,2724.01,120.1875,203.29
2018-05-31,3095.4737,94.78,1385.52,2705.27,120.1719,202.84
2018-06-01,3075.1372,94.865,1390.29,2734.62,119.7656,201.71
2018-06-04,3091.1909,94.64,1384.71,2746.87,119.4375,198.86
2018-06-05,3114.2055,94.53,1385.9,2748.8,119.625,199.19
2018-06-06,3115.1803,94.52,1389.66,2772.35,119.2969,199.01
2018-06-07,3109.4988,94.46,1397.3,2770.37,119.6719,199.49
2018-06-08,3067.1478,94.705,1387.7969,2779.03,119.5,200.04
2018-06-11,3052.7831,94.705,1391.7167,2782,119.4531,199.39
2018-06-12,3079.8018,94.35,1399.9046,2786.85,119.3906,200.14
2018-06-13,3049.7965,94.63,1387.6822,2775.63,119.2656,200.09
2018-06-14,3044.1597,94.93,1394.6524,2782.49,119.4688,199.01
2018-06-15,3021.9008,95.105,1395.2515,2779.66,119.5938,196.24
2018-06-19,2907.8221,95.47,1365.16,2762.59,119.8125,193.624
2018-06-20,2915.7314,95.045,1374.43,2767.32,119.5156,194.98
2018-06-21,2875.8099,95.395,1356.32,2749.76,119.8438,194.4
2018-06-22,2889.7603,95.56,1357.29,2754.88,119.875,197.53
2018-06-25,2859.3364,95.3,1358.52,2717.07,119.9531,195.34
2018-06-26,2844.5081,95.36,1355.28,2723.06,120,197.24
2018-06-27,2813.1775,95.56,1362.31,2699.63,120.3906,198.95
2018-06-28,2786.8966,95.715,1371.58,2716.31,120.2813,198.89
2018-06-29,2847.4181,95.875,1385.87,2718.37,120.125,200.39
2018-07-02,2775.557,96.09,1377.88,2726.71,120.0469,197.5
2018-07-03,2786.8878,95.835,1375.44,2713.22,120.3594,197.48
2018-07-04,2759.126,95.77,1365.95,2713.22,120.2344,197.48
2018-07-05,2733.8819,95.83,1357.53,2736.61,120.3438,196.21
2018-07-06,2747.2285,95.605,1356.19,2759.82,120.375,198.05
2018-07-09,2815.1095,95.48,1365.33,2784.17,120.1406,198.23
2018-07-10,2827.6252,95.54,1362.27,2793.84,120.1875,198.29
2018-07-11,2777.7711,95.83,1355.44,2774.02,120.1719,192.83
2018-07-12,2837.6586,95.75,1364.9,2798.29,120.2188,194
2018-07-13,2831.1837,95.955,1356.35,2801.31,120.3906,193.73
2018-07-16,2814.0418,96.1,1354.77,2798.43,120.1563,191.17
2018-07-17,2798.1259,96.075,1352.52,2809.55,120.125,191.09
2018-07-18,2787.257,96.085,1351.04,2815.62,120.0781,191.47
2018-07-19,2772.5454,96.39,1358.52,2804.49,120.3281,191.42
2018-07-20,2829.2712,95.605,1365.21,2801.83,120,192.62
2018-07-23,2859.5424,95.65,1369.8,2806.98,119.5469,192.49
2018-07-24,2905.5618,95.29,1373.09,2820.4,119.5625,193.19
2018-07-25,2903.6467,95.415,1384.36,2846.07,119.3438,194.66
2018-07-26,2882.2254,95.495,1385.59,2837.44,119.3125,194.99
2018-07-27,2873.5938,95.55,1398.94,2818.82,119.5,194.16
2018-07-30,2869.0495,95.52,1402.62,2802.6,119.375,195.75
2018-07-31,2876.4009,95.9,1408.34,2816.29,119.4219,194.53
2018-08-01,2824.5337,96.1,1400.53,2813.36,119.1406,191.64
2018-08-02,2768.0239,95.98,1403.08,2827.22,119.3125,192.65
2018-08-03,2740.4429,96.17,1415.34,2840.35,119.6094,193.23
2018-08-06,2705.1565,96.08,1435.12,2850.4,119.7031,193.93
2018-08-07,2779.374,95.895,1447.9,2858.45,119.4531,194.49
2018-08-08,2744.0696,95.62,1445.72,2857.7,119.5469,193.04
2018-08-09,2794.3818,95.36,1447.37,2853.58,119.7656,192.43
2018-08-10,2795.3099,95.385,1435.98,2833.28,120.2344,191.69
2018-08-13,2785.872,95.13,1448.57,2821.93,120.1875,190.3
2018-08-14,2780.9646,95.305,1443.01,2839.96,120.0625,190.44
2018-08-15,2723.2576,95.05,1437.91,2818.37,120.3438,186.95
2018-08-16,2705.1917,94.675,1423.74,2840.69,120.3125,188.38
2018-08-17,2668.966,94.485,1434.41,2850.13,120.3281,188.74
2018-08-20,2698.4658,94.59,1445.6,2857.05,120.6719,189.11
2018-08-21,2733.8264,94.595,1445.39,2862.96,120.5625,190.01
2018-08-22,2714.6082,94.75,1447,2861.82,120.625,191.12
2018-08-23,2724.6244,94.755,1433.32,2856.98,120.5156,190.5
2018-08-24,2729.4308,94.645,1442.45,2874.69,120.625,192.08
2018-08-27,2780.899,94.62,1431.94,2896.74,120.3438,192.87
2018-08-28,2777.9808,94.815,1438.38,2897.52,120.125,191.71
2018-08-29,2769.2947,94.84,1430.49,2914.04,120.0625,192.96
2018-08-30,2737.7367,95.045,1432.23,2901.13,120.1875,192.8
2018-08-31,2725.2499,95.12,1426.02,2901.52,120.2188,192.96
2018-09-03,2720.7344,94.925,1415.18,2901.52,120.2188,192.96
2018-09-04,2750.5804,94.795,1415.49,2896.72,119.9375,192.12
2018-09-05,2704.3368,94.69,1411.44,2888.6,119.9531,191.01
2018-09-06,2691.5929,94.745,1422.77,2878.05,120.1875,189.78
2018-09-07,2702.3007,94.685,1417.71,2871.68,119.6406,190.36
2018-09-10,2669.4845,94.42,1431.42,2877.13,119.6719,191.02
2018-09-11,2664.7997,94.145,1413.28,2887.89,119.3125,191.67
2018-09-12,2656.1101,94.335,1413.68,2888.92,119.4063,193.36
2018-09-13,2686.5784,94.37,1422.2,2904.18,119.3594,191.41
2018-09-14,2681.6431,94.485,1419.91,2904.98,119.1406,190.48
2018-09-17,2651.7886,94.55,1417.19,2888.8,119.2344,189.64
2018-09-18,2699.9501,94.39,1423.86,2904.31,118.7188,190.56
2018-09-19,2730.8503,94.225,1429.43,2907.95,118.6719,191.77
2018-09-20,2729.2438,93.94,1431.99,2930.75,118.6875,192.71
2018-09-21,2797.4848,94.185,1437.21,2929.67,118.6875,193.98
2018-09-25,2781.1385,94.21,1438.32,2915.56,118.4688,195.12
2018-09-26,2806.8133,94.46,1440.88,2905.97,118.8125,193.97
2018-09-27,2791.7748,94.725,1432.81,2914,118.7813,194.17
2018-09-28,2821.3501,94.785,1433.16,2913.98,118.7344,195.16
2018-10-08,2716.5104,94.675,1450.27,2884.43,117.6406,199.76
2018-10-09,2721.013,94.77,1476.78,2880.34,117.8125,200.37
2018-10-10,2725.8367,94.805,1484.18,2785.68,118.1875,198.12
2018-10-11,2583.4575,95.165,1464.66,2728.37,118.25,196.63
2018-10-12,2606.9125,95.12,1479.69,2767.13,118.1719,197.94
2018-10-15,2568.0984,94.995,1474.07,2750.79,118.25,199.448
2018-10-16,2546.3296,95.235,1461.57,2809.92,118.1406,199.72
2018-10-17,2561.614,95.165,1477.35,2809.21,117.8594,198.9
2018-10-18,2486.4186,95.49,1457.52,2768.78,118.0938,196.63
2018-10-19,2550.4652,95.32,1452.98,2767.78,117.9844,197.18
2018-10-22,2654.8762,95.15,1461.56,2755.88,117.9688,197.25
2018-10-23,2594.8255,95.33,1457.05,2740.69,118.2344,194.97
2018-10-24,2603.2951,95.47,1464.06,2656.1,118.7656,194.47
2018-10-25,2603.7995,95.535,1457.09,2705.57,118.6719,194.79
2018-10-26,2598.8468,95.56,1456.65,2658.69,119.0156,195.51
2018-10-29,2542.1033,95.78,1441.35,2641.25,118.9219,193.42
2018-10-30,2568.0481,95.75,1442.29,2682.63,118.6719,191.76
2018-10-31,2602.7832,95.81,1433.02,2711.74,118.5313,190.97
2018-11-01,2606.2372,95.95,1415.66,2740.37,118.6563,191.64
2018-11-02,2676.4762,95.5,1412.67,2723.06,118.0469,192.3
2018-11-05,2665.4306,95.575,1415.87,2738.31,118.125,192.58
2018-11-06,2659.3564,95.81,1409.62,2755.45,117.9688,191.21
2018-11-07,2641.342,95.985,1401.91,2813.89,117.8281,191.34
2018-11-08,2635.6322,96.095,1405.33,2806.83,117.7031,189.71
2018-11-09,2598.8715,96.005,1396.41,2781.01,118.1406,188.45
2018-11-12,2630.5195,95.965,1385.44,2726.22,118.4531,187.99
2018-11-13,2654.8795,96.06,1379.7,2722.18,118.5156,184.54
2018-11-14,2632.2425,96.44,1375.63,2701.58,118.7031,188.06
2018-11-15,2668.1704,96.55,1380.9,2730.2,118.8438,185.54
2018-11-16,2679.1097,96.915,1389.46,2736.27,119.25,187.3
2018-11-19,2703.5116,96.785,1382.94,2690.73,119.2656,188.76
2018-11-20,2645.8545,96.705,1366.05,2641.89,119.25,183.78
2018-11-21,2651.5053,96.83,1357.44,2649.93,119.2031,185
2018-11-22,2645.4339,96.595,1350.45,2649.93,119.2031,185
2018-11-23,2579.4831,96.67,1326.44,2632.56,119.3281,179.6
2018-11-26,2575.8101,96.465,1307.29,2673.45,119.2344,180.3
2018-11-27,2574.6792,96.63,1298.09,2682.17,119.2344,179.92
2018-11-28,2601.7365,96.645,1314.74,2743.79,119.2656,181.22
2018-11-29,2567.4434,96.84,1311.37,2737.76,119.375,182.31
2018-11-30,2588.1875,96.68,1317.23,2760.17,119.5156,181.74
2018-12-03,2654.798,96.83,1338.21,2790.37,119.6094,183.51
2018-12-04,2665.9577,97.06,1346.4,2700.06,120.1094,184.14
2018-12-05,2649.8051,97.025,1353.7,2700.06,,183.75
2018-12-06,2605.1813,97.18,1342.95,2695.95,120.2969,181.3
2018-12-07,2605.8876,97.17,1352.76,2633.08,120.6875,184.15
2018-12-10,2584.5822,97.285,1345.68,2637.72,120.6719,181.65
2018-12-11,2594.0881,97.245,1338.34,2636.78,120.4375,181.8
2018-12-12,2602.1526,97.3,1341.3,2651.07,120.1875,182.229
2018-12-13,2634.0491,96.69,1353.41,2650.54,120.25,183.03
2018-12-14,2593.7407,96.56,1354.46,2599.95,120.3906,180.31
2018-12-17,2597.9737,96.26,1358.49,2545.94,120.6563,177.92
2018-12-18,2576.6495,96.47,1351.83,2546.16,120.875,174.42
2018-12-19,2549.5634,96.685,1342.33,2506.96,121.2188,176.21
2018-12-20,2536.2675,97.05,1347.55,2467.42,120.9844,172.67
2018-12-21,2516.2506,96.9,1344.45,2416.62,121.1094,172.13
2018-12-24,2527.0071,96.8,1333.86,2351.1,121.5313,168.36
2018-12-25,2504.819,97.045,1307.47,2351.1,121.5313,168.36
2018-12-26,2498.2939,97.295,1312.09,2467.7,120.9219,172.94
2018-12-27,2483.0864,97.31,1323.05,2488.83,121.2813,170.49
2018-12-28,2493.8962,97.735,1325.01,2485.74,121.7813,170.97
2019-01-02,2465.291,98.105,1314.45,2510.03,122.5,170.39
2019-01-03,2464.3628,98.16,1333.19,2447.89,123.1563,171.55
2019-01-04,2514.8682,97.945,1351.42,2531.94,122.1875,173.35
2019-01-07,2533.0887,97.935,1358.59,2549.69,121.9375,174.63
2019-01-08,2526.4622,98.455,1355.02,2574.41,121.6406,175.96
2019-01-09,2544.3449,98.29,1361.24,2584.96,121.7813,179.04
2019-01-10,2535.0985,98.015,1359.48,2596.64,121.7188,178.6
2019-01-11,2553.8313,98.045,1365.79,2596.26,121.9531,178.08
2019-01-14,2535.7653,97.845,1361.78,2582.61,121.9531,177.79
2019-01-15,2570.3449,97.8,1361.41,2610.3,121.8438,178.98
2019-01-16,2570.4221,98.295,1368.82,2616.1,121.75,179.64
2019-01-17,2559.637,98.33,1369.15,2635.96,121.5156,179.76
2019-01-18,2596.0056,98.08,1388.56,2670.71,121.1406,182.21
2019-01-21,2610.5094,97.96,1395.78,2670.71,121.1406,182.21
2019-01-22,2579.7041,98.03,1384.84,2632.9,121.4844,178.99
2019-01-23,2581.0041,97.77,1388.43,2638.7,121.4531,178.66
2019-01-24,2591.6935,97.8,1387.55,2642.33,121.7344,179.24
2019-01-25,2601.7234,97.635,1392.06,2664.76,121.4219,180.68
2019-01-28,2596.9767,97.68,1393.71,2643.85,121.4844,177.47
2019-01-29,2594.2536,97.905,1391.78,2640,121.7969,179.18
2019-01-30,2575.5756,98.04,1401.86,2681.05,122.0313,180.11
2019-01-31,2584.5724,98.03,1415.34,2704.1,122.4375,179.64
2019-02-01,2618.2323,97.91,1428.06,2706.53,121.9844,180.55
2019-02-11,2653.896,98.285,1434.57,2709.8,122.1719,177.11
2019-02-12,2671.8937,98.235,1433.05,2744.73,121.9844,178.21
2019-02-13,2721.0683,98.15,1423.48,2753.03,121.7344,178.72
2019-02-14,2719.6999,97.92,1428.6,2745.73,122.1406,178.72
2019-02-15,2682.385,97.96,1416.73,2775.6,122.0469,181.33
2019-02-18,2754.3566,97.785,1432.54,2775.6,122.0469,181.33
2019-02-19,2755.6459,98.005,1442.4,2779.76,122.2031,182.24
2019-02-20,2761.2189,97.65,1441.77,2784.7,122.2188,183.27
2019-02-21,2751.8012,97.73,1442.19,2774.88,121.8594,183.41
2019-02-22,2804.2262,97.55,1451.99,2792.67,122.1719,184.06
2019-02-25,2961.2834,97.2,1441.5,2796.11,122.1094,181.75
2019-02-26,2941.5163,96.92,1435.26,2793.9,122.2813,181.4
2019-02-27,2953.8242,97.105,1430.87,2792.38,122.2813,183.23
2019-02-28,2940.9538,96.945,1437.06,2784.49,121.9531,182.75
2019-03-01,2994.005,96.755,1460.76,2803.69,121.6406,181.5
2019-03-04,3027.5755,97.045,1444.69,2792.81,121.875,181.09
2019-03-05,3054.2466,97.12,1440.28,2789.65,121.8906,181.9
2019-03-06,3102.0991,97.235,1437.39,2771.45,122.5781,181.23
2019-03-07,3106.4179,97.73,1438.92,2748.93,122.5781,180.815
2019-03-08,2969.8614,97.755,1425.74,2743.07,122.7031,179.968
2019-03-11,3026.9925,97.67,1420.91,2783.3,122.6406,180.498
2019-03-12,3060.3073,97.725,1433.36,2791.52,122.875,181.31
2019-03-13,3026.9513,97.805,1428.12,2810.92,122.7031,183.41
2019-03-14,2990.685,97.55,1434.07,2808.48,122.6875,183.39
2019-03-15,3021.7512,97.66,1426.8,2822.48,122.9688,183.87
2019-03-18,3096.4176,97.505,1423.71,2832.94,122.8281,184.86
2019-03-19,3090.975,97.385,1427.85,2832.57,122.7344,185.24
2019-03-20,3090.6403,97.43,1422.4,2824.23,123.4531,185.6
2019-03-21,3101.455,97.635,1428.43,2854.88,123.3438,185.37
2019-03-22,3104.1487,97.79,1426.95,2800.71,124.1094,184.15
2019-03-25,3043.0313,98.095,1409.82,2798.36,124.5,184.31
2019-03-26,2997.0954,98.095,1412.42,2818.46,124.3125,185.23
2019-03-27,3022.7196,97.945,1412.63,2805.37,124.7031,183.94
2019-03-28,2994.9434,98.055,1403.86,2815.44,124.4375,183.33
2019-03-29,3090.758,97.915,1414.95,2834.4,124.25,183.75
2019-04-01,3170.361,97.45,1432.31,2867.19,123.5625,185.46
2019-04-02,3176.8227,97.255,1437.42,2867.24,123.7969,186.37
2019-04-03,3216.2952,96.75,1449.89,2873.4,123.4219,186.85
2019-04-04,3246.5714,96.46,1450.92,2879.39,123.5313,187.04
2019-04-08,3244.8103,96.68,1470.57,2895.77,123.4375,188.7
2019-04-09,3239.6639,96.5,1468.93,2878.2,123.5938,188.56
2019-04-10,3241.9299,96.705,1469.83,2888.21,123.8594,189.66
2019-04-11,3189.9619,96.85,1471.43,2888.32,123.5938,187.33
2019-04-12,3188.6256,96.645,1468.24,2907.41,123.0313,188.36
2019-04-15,3177.7866,96.37,1470.75,2905.58,123.1406,187.41
2019-04-16,3253.5978,96.165,1461.43,2907.06,122.8438,187.28
2019-04-17,3263.1179,96.42,1458.83,2900.45,122.8281,186.6
2019-04-18,3250.2012,96.48,1441.22,2905.03,123.1094,187.13
2019-04-19,3270.7973,96.39,1449.42,2905.03,123.1094,187.13
2019-04-22,3215.0426,96.22,1455.13,2907.97,122.9375,187.92
2019-04-23,3198.5938,96.32,1457.7,2933.68,123.1563,187.58
2019-04-24,3201.6137,95.91,1449.9,2927.25,123.5156,186.49
2019-04-25,3123.8261,96.09,1450.77,2926.17,123.3906,185.96
2019-04-26,3086.3989,96.37,1444.12,2939.88,123.7031,184.66
2019-04-29,3062.4985,96.2,1446.52,2943.03,123.5,184.18
2019-04-30,3078.3389,96.675,1454.9,2945.83,123.6875,184.25
2019-05-06,2906.464,96.84,1440.54,2932.47,123.8438,180.68
2019-05-07,2926.3908,96.765,1457.38,2884.05,123.9375,179.49
2019-05-08,2893.7567,96.905,1450.84,2879.42,123.75,179.75
2019-05-09,2850.9537,97.08,1449.69,2870.72,124.0625,179.01
2019-05-10,2939.2106,97.14,1455.32,2881.4,123.875,178.95
2019-05-13,2903.7131,97.41,1449.99,2811.87,124.4375,177.64
2019-05-14,2883.6107,97.29,1435.41,2834.41,124.3906,179.99
2019-05-15,2938.6781,97.315,1451.87,2850.96,124.6875,180.66
2019-05-16,2955.711,97.38,1468.9,2876.32,124.5156,182.32
2019-05-17,2882.2962,97.44,1474.8,2859.53,124.5156,180.99
2019-05-20,2870.6046,96.88,1477.17,2840.23,124.2813,181.7
2019-05-21,2905.9688,96.64,1494.37,2864.36,124.1406,181.97
2019-05-22,2891.7046,96.57,1482.5,2856.27,124.4844,179.54
2019-05-23,2852.5153,96.79,1468.54,2822.24,124.9531,176.92
2019-05-24,2852.9948,96.77,1472.23,2826.06,125.0156,178.63
2019-05-27,2892.3782,96.3,1474,2826.06,125.0156,178.63
2019-05-28,2909.9106,96.54,1477.63,2802.39,125.4063,180.26
2019-05-29,2914.6964,96.87,1479.57,2783.02,125.375,180.34
2019-05-30,2905.8054,96.885,1467.87,2788.86,126.1094,178.76
2019-05-31,2898.6961,96.93,1454.27,2752.06,126.8594,175.36
2019-06-03,2890.0809,97.2,1432.28,2744.45,127.3438,174.72
2019-06-04,2862.2803,97.355,1439.53,2803.27,126.8125,175.49
2019-06-05,2861.4181,97.505,1438.69,2826.15,126.875,172.34
2019-06-06,2827.7978,97.47,1429.12,2843.49,126.9688,173.87
2019-06-10,2852.1302,97.41,1437.5,2886.73,126.7031,174.07
2019-06-11,2925.7162,97.095,1458.17,2885.72,126.7656,174.87
2019-06-12,2909.3796,97.13,1442.14,2879.84,127.0469,173.24
2019-06-13,2910.7406,97.34,1458.67,2891.64,127.3125,174.42
2019-06-14,2881.9743,97.575,1451.85,2886.98,127.4219,174.81
2019-06-17,2887.6221,97.665,1442.74,2889.67,127.2188,174.42
2019-06-18,2890.158,97.49,1442.53,2917.75,127.5,176.1
2019-06-19,2917.8029,97.36,1453.83,2926.46,127.8594,175.43
2019-06-20,2987.1186,97.37,1467.35,2954.18,127.7813,178.63
2019-06-21,3001.9802,97.475,1468.86,2950.46,127.6094,178.52
2019-06-24,3008.1479,97.31,1474.93,2945.35,127.9688,179.99
2019-06-25,2982.0738,97.395,1478.4656,2917.38,128.1563,180.88
2019-06-26,2976.2837,97.265,1479.29,2913.78,127.625,182.36
2019-06-27,2996.7926,97.21,1483.65,2924.92,127.8438,182.48
2019-06-28,2978.8784,97.54,1485.46,2941.76,127.9063,181.04
2019-07-01,3044.9028,97.605,1500.25,2964.33,127.7344,181.14
2019-07-02,3043.9428,98.06,1498.41,2973.01,128.1406,177.84
2019-07-03,3015.2633,98.23,1490.59,2995.82,128.2344,180.48
2019-07-04,3005.2488,98.215,1487.44,2995.82,128.2344,180.48
2019-07-05,3011.0588,98.04,1480.91,2990.41,127.5625,180.78
2019-07-08,2933.3634,97.97,1490.38,2975.95,127.3594,180.68
2019-07-09,2928.2295,98.16,1485.78,2979.63,127.2188,180.71
2019-07-10,2915.3022,98.11,1489.11,2993.07,127.4219,184.17
2019-07-11,2917.7609,98.115,1496.24,2999.91,126.8281,183.68
2019-07-12,2930.5462,98.29,1491.69,3013.77,126.9844,184.36
2019-07-15,2942.1853,97.99,1506.49,3014.3,127.1875,183.08
2019-07-16,2937.6168,98.035,1506.47,3004.04,127.0469,180.08
2019-07-17,2931.6926,98.085,1505.42,2984.42,127.4688,179.42
2019-07-18,2901.1766,98.27,1504.41,2995.11,127.7969,177.45
2019-07-19,2924.2006,98.25,1513.8,2976.61,127.4375,178.59
2019-07-22,2886.974,98.375,1493.49,2985.03,127.5313,178.55
2019-07-23,2899.9446,98.38,1489.82,3005.47,127.3125,179.04
2019-07-24,2923.2775,98.145,1483.3,3019.56,127.5469,178.22
2019-07-25,2937.3601,98.2,1485.92,3003.67,127.2344,177.88
2019-07-26,2944.541,98.24,1490.86,3025.86,127.3125,177.16
2019-07-29,2941.007,98.055,1485.71,3020.97,127.3594,177.8
2019-07-30,2952.3383,98.15,1494.32,3013.18,127.3594,178.34
2019-07-31,2932.5058,98.39,1493.66,2980.38,127.5313,178.53
2019-08-01,2908.766,98.445,1480.58,2953.56,128.6719,172.8
2019-08-02,2867.8376,98.72,1471.06,2932.05,128.9375,173.35
2019-08-05,2821.4957,99.065,1461.19,2844.74,129.9688,171.49
2019-08-06,2777.5559,99.065,1463.2,2881.77,130.0156,170.54
2019-08-07,2768.6795,99.135,1453.55,2883.98,129.7344,167.89
2019-08-08,2794.5523,99.125,1458.65,2938.09,129.8594,170.32
2019-08-09,2774.7532,99.27,1450.58,2918.65,129.5469,172.09
2019-08-12,2814.9944,99.215,1457.49,2883.75,130.2969,170.62
2019-08-13,2797.2596,99.345,1458.09,2926.32,129.6719,173.09
2019-08-14,2808.9146,99.02,1457.51,2840.6,130.4844,170.64
2019-08-15,2815.7976,98.925,1456.2,2847.6,130.9219,170.03
2019-08-16,2823.8238,98.85,1453.58,2888.68,130.8125,170.41
2019-08-19,2883.096,98.955,1457.55,2923.65,130.3438,170.78
2019-08-20,2880.0012,98.86,1453.73,2900.51,130.75,170.9
2019-08-21,2880.3307,98.65,1444.69,2924.43,130.4531,170.91
2019-08-22,2883.4358,98.735,1447.89,2922.95,130.25,170.32
2019-08-23,2897.4253,98.775,1452.81,2847.11,130.8906,168.61
2019-08-26,2863.5673,98.835,1444.45,2878.38,130.8906,168.91
2019-08-27,2902.1932,98.915,1439.13,2869.16,131.2656,169.7
2019-08-28,2893.7564,98.87,1448.66,2887.94,131.2656,171.2
2019-08-29,2890.9192,99.235,1444.87,2924.58,131.7656,172.08
2019-08-30,2886.2365,98.935,1461.12,2926.46,131.7656,170.36
2019-09-02,2924.1063,98.775,1471.87,2926.46,131.7656,170.36
2019-09-03,2930.1538,98.745,1477.9,2906.27,132.2031,169.19
2019-09-04,2957.4116,98.885,1486.78,2937.78,132.2188,172.7
2019-09-05,2985.8648,99.14,1485.76,2976,131.3281,172.35
2019-09-06,2999.6013,99.17,1472.98,2978.71,131.2656,172.62
2019-09-09,3024.7388,99.08,1492,2978.43,130.6719,174.31
2019-09-10,3021.2024,98.9,1489.62,2979.39,129.8906,174.94
2019-09-11,3008.8118,98.78,1492.33,3000.93,129.875,173.73
2019-09-12,3031.2351,98.49,1499.34,3009.57,129.6094,174.46
2019-09-16,3030.7544,98.59,1509.5,2997.96,129.0156,183.17
2019-09-17,2978.1178,98.42,1513.61,3005.7,129.3594,178.79
2019-09-18,2985.6586,98.23,1500.77,3006.73,129.2813,177.63
2019-09-19,2999.2789,98.425,1484.72,3006.79,129.4844,177.76
2019-09-20,3006.4467,98.535,1479.4,2992.07,129.9219,177.34
2019-09-23,2977.0767,98.475,1492.54,2991.78,129.9219,178.65
2019-09-24,2985.3406,98.385,1478.05,2966.6,130.6094,177.19
2019-09-25,2955.4325,98.505,1479.46,2984.87,129.9063,176.64
2019-09-26,2929.0875,98.215,1475.58,2977.62,130.2344,176.23
2019-09-27,2932.167,98.045,1465.41,2961.79,130.2656,175.72
2019-09-30,2905.1892,98.235,1470.27,2976.74,130.3594,173.94
2019-10-08,2913.5704,98.495,1469.43,2893.06,131.7344,173.32
2019-10-09,2924.8566,98.455,1470.71,2919.4,131.3125,173.07
2019-10-10,2947.7106,98.32,1475.74,2938.13,130.5938,173.58
2019-10-11,2973.6558,98.08,1473.01,2970.27,130.0625,176.04
2019-10-14,3007.8834,98.15,1470.63,2966.15,130.2656,174.99
2019-10-15,2991.0459,98.135,1464.63,2995.68,129.7344,174.75
2019-10-16,2978.7124,98.095,1450.27,2989.69,130.0313,174.98
2019-10-17,2977.3342,98.31,1446.92,2997.95,129.8906,175.53
2019-10-18,2938.1413,98.04,1450.09,2986.2,129.9375,175.75
2019-10-21,2939.6179,97.785,1449.21,3006.72,129.5625,174.74
2019-10-22,2954.3799,97.76,1449.92,2995.99,129.8438,175.51
2019-10-23,2941.6188,97.875,1455.98,3004.52,129.7969,177.3
2019-10-24,2940.9215,97.835,1464.35,3010.29,129.8438,177.71
2019-10-25,2954.9327,97.685,1468.24,3022.55,129.5781,178.37
2019-10-28,2980.0498,97.42,1462.59,3039.42,129.2031,178.28
2019-10-29,2954.176,97.42,1462.99,3036.89,129.2188,178.38
2019-10-30,2939.3209,97.11,1466.37,3046.77,129.7031,178.31
2019-10-31,2929.0561,97.485,1462.82,3037.56,130.2969,176.89
2019-11-01,2958.1992,97.5,1462.4,3066.91,130.125,180.27
2019-11-04,2975.4919,97.415,1463.67,3078.27,129.6563,181.09
2019-11-05,2991.5622,97.795,1473.01,3074.62,128.9844,182.09
2019-11-06,2978.5955,97.855,1467.8,3076.78,129.2344,180.51
2019-11-07,2978.7144,97.81,1462.67,3085.18,128.4531,180.98
2019-11-08,2964.1849,97.655,1454.46,3093.08,128.2656,181.28
2019-11-11,2909.9746,97.97,1443.03,3087.01,128.4375,179.41
2019-11-12,2914.8232,97.85,1454.78,3091.84,128.3594,179.8
2019-11-13,2905.2409,97.98,1450,3094.04,128.75,180.31
2019-11-14,2909.8697,97.895,1458.33,3096.63,129.2969,180.09
2019-11-15,2891.3431,98.01,1455.47,3120.46,129.1719,181
2019-11-18,2909.2002,98.06,1458.29,3122.03,129.2656,179.18
2019-11-19,2933.9908,98.165,1465.11,3120.18,129.4531,177.16
2019-11-20,2911.0534,98.125,1469.6,3108.46,129.7344,178.96
2019-11-21,2903.6379,98.175,1471.35,3103.54,129.4688,180.73
2019-11-22,2885.2884,98.145,1475.48,3110.29,129.4375,180.37
2019-11-25,2906.1688,97.915,1491.98,3133.64,129.5469,180.57
2019-11-26,2907.0602,98.065,1477.74,3140.52,129.6563,181.1
2019-11-27,2903.1947,98.01,1473.49,3153.63,129.4531,180.35
2019-11-28,2889.6934,98.015,1473.82,3153.63,129.4531,180.35
2019-11-29,2871.9813,98.015,1473.25,3140.98,129.4063,176.66
2019-12-02,2875.8072,97.685,1475.79,3113.87,129.0625,177.12
2019-12-03,2884.6988,97.79,1475.71,3093.2,129.9375,177.59
2019-12-04,2878.1157,97.875,1477.49,3112.76,129.5,179.4
2019-12-05,2899.4685,97.885,1482.87,3117.43,129.1719,180.07
2019-12-06,2912.0136,97.715,1488.08,3145.91,128.9219,181.19
2019-12-09,2914.4775,97.655,1508.19,3135.96,129.0469,181.17
2019-12-10,2917.3157,97.825,1508.51,3132.52,128.8594,182.17
2019-12-11,2924.4173,97.925,1513.75,3141.63,129.2344,181.49
2019-12-12,2915.6983,97.955,1514.02,3168.57,128.4375,182.92
2019-12-13,2967.6764,97.76,1513.95,3168.8,128.9844,183.81
2019-12-16,2984.3925,97.765,1514.37,3191.45,128.5625,185.21
2019-12-17,3022.4219,97.53,1515.78,3192.52,128.5,185.28
2019-12-18,3017.0444,97.455,1509.76,3191.14,128.2188,184.96
2019-12-19,3017.0658,97.56,1517.47,3205.37,128.1719,185.13
2019-12-20,3004.9376,97.9,1516.8,3221.22,128.2344,185.04
2019-12-23,2962.7513,97.985,1518.04,3224.01,128.125,184.47
2019-12-24,2982.6806,98.045,1519.78,3223.38,128.3594,185.53
2019-12-25,2981.8805,98.13,1519.46,3223.38,128.3594,185.53
2019-12-26,3007.3546,98.245,1525.04,3239.91,128.4219,186.68
2019-12-27,3005.0355,98.195,1530.01,3240.02,128.6094,187.18
2019-12-30,3040.0239,98.2,1532.05,3221.29,128.5938,186.85
2019-12-31,3050.124,98.135,1531.48,3230.78,128.2656,185.79
2020-01-02,3085.1976,98.015,1528.05,3257.85,128.625,185.53
2020-01-03,3083.7858,97.975,1531.71,3234.85,129.375,186.9
2020-01-06,3083.4083,98.18,1542.92,3246.28,129.2969,187.39
2020-01-07,3104.8015,98.005,1541.67,3237.18,129.1875,186.93
2020-01-08,3066.8925,98.11,1552.41,3253.05,128.7969,183.38
2020-01-09,3094.8819,98.23,1526.61,3274.7,128.8281,183.56
2020-01-10,3092.2907,98.56,1530.17,3265.35,129.1094,184.13
2020-01-13,3115.5696,98.5,1526.41,3288.13,128.9531,183.01
2020-01-14,3106.8204,98.44,1522.76,3283.15,129.1719,183.64
2020-01-15,3090.0379,98.525,1518.46,3289.29,129.375,182.69
2020-01-16,3074.0814,98.45,1519.08,3316.81,129.1719,182.25
2020-01-17,3075.4955,98.62,1523.32,3329.62,129.1406,182.89
2020-01-20,3095.7873,98.915,1522.7,3329.62,129.1406,182.89
2020-01-21,3052.1419,99.165,1510.37,3320.79,129.5938,181.56
2020-01-22,3060.7545,99.13,1506.86,3321.75,129.5625,180.03
2020-01-23,2976.5281,99.69,1486.56,3325.54,129.8281,178.53
2020-02-03,2746.6056,100.97,1404.88,3248.92,131.5313,168.05
2020-02-04,2783.2875,100.785,1408.59,3297.59,130.9219,167.93
2020-02-05,2818.0878,100.865,1408.03,3334.69,130.5313,169.54
2020-02-06,2866.5097,100.91,1419.91,3345.78,130.5625,170.48
2020-02-07,2875.9636,101.18,1418.41,3327.71,131.0156,170.12
2020-02-10,2890.4878,101.08,1412.43,3352.09,131.2188,168.87
2020-02-11,2901.6744,100.73,1426.08,3357.75,130.8906,169.61
2020-02-12,2926.8991,100.715,1429.66,3379.45,130.7031,171.76
2020-02-13,2906.0735,100.87,1432.52,3373.94,130.7344,172.28
2020-02-14,2917.0077,100.39,1433.19,3380.16,130.9844,172.95
2020-02-17,2983.6224,99.745,1445.75,3380.16,130.9844,172.95
2020-02-18,2984.9716,100.11,1437.57,3370.29,131.2188,173.81
2020-02-19,2975.4019,100.1,1443.74,3386.15,131.0938,175.5
2020-02-20,3030.1542,99.885,1462.57,3373.23,131.4844,174.73
2020-02-21,3039.6692,100.23,1462.69,3337.75,131.8281,174.65
2020-02-24,3031.2333,100.47,1451.56,3225.89,132.7969,170.57
2020-02-25,3013.0501,100.45,1450.87,3128.21,132.9844,168.49
2020-02-26,2987.9287,100.435,1427.63,3116.39,133.0781,166.28
2020-02-27,2991.3288,100.625,1411.13,2978.76,133.6094,163.12
2020-02-28,2880.3038,101.11,1373.22,2954.22,134.5938,159.45
2020-03-02,2970.9312,100.93,1406.76,3090.23,134.6094,163.5
2020-03-03,2992.8968,100.795,1409.38,3003.37,135.9375,164.93
2020-03-04,3011.6657,101.22,1416.75,3130.12,135.9219,164.67
2020-03-05,3071.6771,101.165,1419.18,3023.94,136.5625,162.37
2020-03-06,3034.5113,101.48,1402.33,2972.37,137.5156,155.85
2020-03-09,2943.2907,101.935,1368.64,2746.56,139,144.81
2020-03-10,2996.7618,101.2,1375.18,2882.23,137.1875,150.66
2020-03-11,2968.5174,101.53,1356.01,2741.38,137.2031,147.8
2020-03-12,2923.4856,101.315,1339.92,2480.64,138.0156,141.94
2020-03-13,2887.4265,100.995,1345.65,2711.02,136.1875,140.84
2020-03-16,2789.2537,101.065,1321.69,2386.13,138.0313,132.71
2020-03-17,2779.6407,100.62,1316.73,2529.19,135.2344,130.29
2020-03-18,2728.7563,101.025,1287.37,2398.1,134.4063,120.34
2020-03-19,2702.1296,100.65,1266.42,2409.39,135.0781,127.63
2020-03-20,2745.6182,100.825,1285.55,2304.92,137.3906,123.88
2020-03-23,2660.1674,101.33,1260.43,2237.4,138.0938,124.71
2020-03-24,2722.4381,101.375,1281.42,2447.33,137.3125,128.15
2020-03-25,2781.5913,101.57,1299.18,2475.56,137.2188,129.6
2020-03-26,2764.9109,101.77,1286.23,2630.07,137.3438,126.35
2020-03-27,2772.2033,101.55,1286.49,2541.47,138.7188,123.88
2020-03-30,2747.2138,101.615,1263.65,2626.65,138.4063,121.69
2020-03-31,2750.2962,101.925,1278.25,2584.59,138.7813,121.79
2020-04-01,2734.5215,102.13,1260.53,2470.5,139.2656,118.5
2020-04-02,2780.6379,101.87,1293.29,2526.9,139.0469,124.84
2020-04-03,2763.9874,101.5,1287.34,2488.65,139.0625,127.96
2020-04-07,2820.7634,102.305,1310.64,2659.41,137.9375,127.95
2020-04-08,2815.3686,102.675,1319.74,2749.98,137.7656,129.19
2020-04-09,2825.9036,102.38,1334.85,2789.82,138.1719,127.82
2020-04-10,2796.6312,102.195,1342.67,2789.82,138.1719,127.82
2020-04-13,2783.0476,102.23,1337.21,2761.63,137.9063,127.94
2020-04-14,2827.283,102.215,1336.4,2846.06,138.1719,126.01
2020-04-15,2811.1741,102.43,1328.91,2783.36,139.1563,123.63
2020-04-16,2819.935,102.59,1317.17,2799.55,139.0469,123.63
2020-04-17,2838.4945,102.31,1321.06,2874.56,138.9688,123.8
2020-04-20,2852.5528,102.125,1315.84,2823.16,139.2344,118.76
2020-04-21,2827.0133,102.18,1286.15,2736.56,139.375,106.29
2020-04-22,2843.9804,102.445,1278.77,2799.31,139.0156,111.11
2020-04-23,2838.4994,103.085,1301.75,2797.8,139.0625,113.49
2020-04-24,2808.5293,103.315,1309.07,2836.74,139,112.75
2020-04-27,2815.4947,103.105,1304.67,2878.48,138.6094,108
2020-04-28,2810.0243,103.26,1289.38,2863.39,138.9688,108.21
2020-04-29,2822.4424,103.47,1301.66,2939.51,138.9375,111.87
2020-04-30,2860.0822,102.94,1319.27,2912.43,138.8594,117.2
2020-05-06,2878.1402,102.635,1335.55,2848.42,138.6094,121.54
2020-05-07,2871.5232,102.105,1342.29,2881.19,139.1875,122.58
2020-05-08,2895.3444,102.14,1350.01,2929.8,138.875,124.74
2020-05-11,2894.802,101.635,1345.8,2930.32,138.7188,122.67
2020-05-12,2891.5564,101.895,1340.92,2870.12,139.0469,122.63
2020-05-13,2898.0495,101.655,1340.33,2820,139.2031,120.63
2020-05-14,2870.3422,101.695,1335.63,2852.5,139.375,123.12
2020-05-15,2868.4587,101.12,1354.98,2863.7,139.2969,124.75
2020-05-18,2875.4176,100.61,1374.03,2953.91,138.6875,129.09
2020-05-19,2898.576,100.7,1384.35,2922.94,139.0156,129.57
2020-05-20,2883.7378,100.93,1387.84,2971.61,139.0469,130.91
2020-05-21,2867.9237,101.04,1398.33,2948.51,139.0469,130.52
2020-05-22,2813.7654,101.725,1373.49,2955.45,139.1719,129.53
2020-05-25,2817.9697,101.215,1386.37,2955.45,139.1719,129.53
2020-05-26,2846.5473,100.795,1385.81,2991.77,139,131.62
2020-05-27,2836.8036,100.925,1383.78,3036.13,139.0469,129.16
2020-05-28,2846.2217,101.18,1386.1,3029.73,138.9688,129.76
2020-05-29,2852.3512,100.985,1399.54,3044.31,139.0156,132.24
2020-06-01,2915.4311,100.805,1414.31,3055.73,139,132.35
2020-06-02,2921.398,100.3,1419.12,3080.82,138.8281,134.12
2020-06-03,2923.3711,100.375,1434.3,3122.87,138.2969,135.01
2020-06-04,2919.2506,100.105,1417.94,3112.35,137.7344,135.75
2020-06-05,2930.7993,99.845,1429.49,3193.93,137.2031,138.98
2020-06-08,2937.7712,100.175,1446.1,3232.39,137.3438,137.5
2020-06-09,2956.1116,100.05,1440.68,3207.18,137.7344,138.45
2020-06-10,2943.7525,100.125,1433.44,3190.14,138.6406,139.22
2020-06-11,2920.8968,100.44,1427,3002.1,138.8438,134.9
2020-06-12,2919.7408,100.655,1416.36,3041.31,138.6875,134.32
2020-06-15,2890.0306,100.785,1397.27,3066.59,138.5625,134.78
2020-06-16,2931.7493,100.16,1426.59,3124.74,138.4688,136.27
2020-06-17,2935.873,100.065,1425.96,3113.49,138.5313,136.38
2020-06-18,2939.3151,100.195,1428.5,3115.34,138.7031,137.06
2020-06-19,2967.6341,100.22,1442.11,3097.74,138.7813,137.97
2020-06-22,2965.2717,99.95,1431.88,3117.86,138.6719,139.05
2020-06-23,2970.6203,99.91,1433.68,3131.29,138.6719,138.59
2020-06-24,2979.5505,100.145,1436.06,3050.33,138.8906,135.24
2020-06-29,2961.5164,100.19,1406.08,3053.24,139.375,137.04
2020-06-30,2984.6741,100.315,1418.87,3100.29,139.1563,137.97
2020-07-01,3025.981,100.25,1421.6,3115.86,138.9844,139.14
2020-07-02,3090.5693,100.275,1429.62,3130.01,139.1719,140.6
2020-07-03,3152.8126,99.965,1436.09,3130.01,139.1719,140.6
2020-07-06,3332.8807,98.935,1442.77,3179.72,139.0469,140.9
2020-07-07,3345.3369,98.97,1439.9,3145.32,139.2656,141.56
2020-07-08,3403.4401,98.535,1456.59,3169.94,139.0781,141.96
2020-07-09,3450.5935,98.435,1464.89,3152.05,139.375,140.46
2020-07-10,3383.3222,98.57,1444.71,3185.04,139.1406,141.52
2020-07-13,3443.2863,98.38,1471.54,3155.22,139.3594,140.68
2020-07-14,3414.6186,98.62,1469.2,3197.52,139.3438,139.99
2020-07-15,3361.3044,99.025,1473.18,3226.56,139.3281,141.22
2020-07-16,3210.0986,99.27,1456.14,3215.57,139.4375,140.82
2020-07-17,3214.1287,99.185,1460.99,3224.73,139.3594,140.83
2020-07-20,3314.149,99.245,1452.32,3251.84,139.4375,140.69
2020-07-21,3320.8947,99.385,1470.66,3257.3,139.5469,142.5
2020-07-22,3333.1635,99.77,1480.06,3276.02,139.5313,143.32
2020-07-23,3325.1102,99.655,1486.41,3235.66,139.6094,142.94
2020-07-24,3196.7684,99.985,1472.8,3215.63,139.5625,143.05
2020-07-27,3205.2268,99.855,1475.52,3239.41,139.4219,143.82
2020-07-28,3227.9604,99.5,1470.02,3218.44,139.7031,143.48
2020-07-29,3294.5521,99.235,1480.82,3258.44,139.7813,144.34
2020-07-30,3286.822,99.16,1478.26,3246.22,139.9844,142.78
2020-07-31,3310.0065,98.84,1478.54,3271.12,140.1563,143.69
2020-08-03,3367.9658,99.07,1476.93,3294.61,140,146.77
2020-08-04,3371.6875,99.19,1485.51,3306.51,140.3906,147.92
2020-08-05,3377.5648,98.99,1489.18,3327.77,140.0469,148.71
2020-08-06,3386.4631,98.89,1502.5,3349.16,140.125,148.6
2020-08-07,3354.0352,98.795,1502.06,3351.28,139.9531,146.85
2020-08-10,3379.2524,99.265,1500.73,3360.47,139.8594,147.58
2020-08-11,3340.29,99.195,1496.46,3333.69,139.3906,146.86
2020-08-12,3319.2656,99.3,1489.01,3380.35,139.125,148.36
2020-08-13,3320.7261,99.33,1490.67,3373.43,138.9219,148.94
2020-08-14,3360.0988,99.5,1493.21,3372.85,139.1406,149.21
2020-08-17,3438.801,99.56,1498.47,3381.99,139.2969,150.87
2020-08-18,3451.0894,99.365,1504,3389.78,139.4063,151.69
2020-08-19,3408.1288,99.055,1507.13,3374.85,139.3281,152
2020-08-20,3363.8988,98.185,1495.6,3385.51,139.5156,150.82
2020-08-21,3380.6825,98.38,1491.49,3397.16,139.6563,149.96
2020-08-24,3385.6383,98.285,1493.06,3431.28,139.4688,151.26
2020-08-25,3373.5781,97.935,1493.68,3443.62,139.2969,152.64
2020-08-26,3329.7388,97.71,1501.54,3478.73,139.3281,152.46
2020-08-27,3350.1128,97.825,1501.58,3484.55,138.9219,152.7
2020-08-28,3403.8066,97.795,1508.91,3508.01,139.2813,153.44
2020-08-31,3395.6775,98.045,1523.53,3500.31,139.1875,153.21
2020-09-01,3410.6068,97.97,1529.53,3526.65,139.4375,153.34
2020-09-02,3404.8017,97.695,1525.93,3580.84,139.5625,151.44
2020-09-03,3384.9806,97.845,1513.52,3455.06,139.6719,150.42
2020-09-04,3355.3666,97.69,1508.4,3426.96,139.0625,149.69
2020-09-07,3292.5907,97.59,1498.77,3426.96,139.0625,149.69
2020-09-08,3316.417,97.9,1499.36,3331.84,139.4063,146
2020-09-09,3254.6279,98.27,1456.05,3398.96,139.2813,147.08
2020-09-10,3234.8234,98.34,1456.62,3339.19,139.4375,146.17
2020-09-11,3260.3461,97.86,1459.49,3340.97,139.6094,146.41
2020-09-14,3278.8138,97.7,1473.15,3383.54,139.5313,146.5
2020-09-15,3295.6795,98.035,1467.44,3401.2,139.4844,147.76
2020-09-16,3283.9244,97.955,1465.75,3385.49,139.3594,149.74
2020-09-17,3270.435,97.885,1458.94,3357.01,139.4219,150.78
2020-09-18,3338.0897,97.865,1481.95,3319.47,139.3594,151.54
2020-09-21,3316.9351,98.255,1468.19,3281.06,139.5781,147.82
2020-09-22,3274.3015,98.545,1443.52,3315.57,139.5625,147.52
2020-09-23,3279.7105,98.415,1431.89,3236.92,139.5156,147.74
2020-09-24,3223.1764,98.345,1424.28,3246.59,139.5469,148.36
2020-09-25,3219.4179,98.1,1431.6,3298.46,139.6406,148.36
2020-09-28,3217.5346,98.275,1426.63,3351.6,139.6875,148.73
2020-09-29,3224.3593,98.045,1435.54,3335.47,139.7188,146.76
2020-09-30,3218.0521,97.775,1427.01,3363,139.5,148.51
2020-10-09,3272.0762,97.455,1470.47,3477.13,138.7969,151.74
2020-10-12,3358.4652,97.625,1480.53,3534.22,138.9219,149.8
2020-10-13,3359.7499,97.535,1474.8,3511.93,139.1875,150.38
2020-10-14,3340.7782,97.525,1470.55,3488.67,139.2031,151.51
2020-10-15,3332.1832,97.355,1472.29,3483.34,139.1094,151.74
2020-10-16,3336.3582,97.495,1476.46,3483.81,139.0313,151.48
2020-10-19,3312.6671,97.815,1474.9,3426.92,138.8438,151.61
2020-10-20,3328.1029,97.875,1481.54,3443.12,138.7813,152.33
2020-10-21,3325.0247,97.82,1490.37,3435.56,138.5,151.04
2020-10-22,3312.5005,98.13,1484.41,3453.49,138.2813,151.77
2020-10-23,3277.9972,97.965,1470.9,3465.39,138.3125,150.68
2020-10-26,3251.1188,97.99,1457.54,3400.97,138.625,149.39
2020-10-27,3254.3157,98.215,1463.79,3390.68,138.8906,150.71
2020-10-28,3269.238,98.14,1473.11,3271.03,138.8281,146.66
2020-10-29,3272.7274,98.03,1443.82,3310.11,138.4688,144.81
2020-10-30,3224.5325,98.085,1423.75,3269.96,138.1406,144.73
2020-11-02,3225.1196,98.3,1422.97,3310.24,138.2813,145.91
2020-11-03,3271.0744,98.345,1437.33,3369.16,138.0625,147.02
2020-11-04,3277.4402,98.44,1452.29,3443.44,138.9219,148.9
2020-11-05,3320.1333,98.3,1445.65,3510.45,138.8906,149.16
2020-11-06,3312.159,98.065,1446.32,3509.44,138.5781,147.7
2020-11-09,3373.7337,97.88,1464.1,3550.5,137.5938,151.25
2020-11-10,3360.1485,97.925,1470.88,3545.53,137.4844,153.55
2020-11-11,3342.2025,97.92,1492.98,3572.66,137.6563,153.65
2020-11-12,3338.6788,97.845,1485.79,3537.01,138.1719,153.01
2020-11-13,3310.1046,97.635,1482.29,3585.15,138.0781,151.86
2020-11-16,3346.9692,97.62,1497.37,3626.91,138.0313,153.81
2020-11-17,3339.895,97.515,1495.42,3609.53,138.2969,154.52
2020-11-18,3347.3034,97.215,1494.29,3567.79,138.1719,155.72
2020-11-19,3363.0876,97.145,1503.7,3581.87,138.3594,155.03
2020-11-20,3377.7267,97.02,1511.81,3557.54,138.5313,156.16
2020-11-23,3414.4899,97.295,1516.49,3577.59,138.3125,157.33
2020-11-24,3402.8225,97.185,1533.15,3635.41,138.25,159.79
2020-11-25,3362.3274,97.45,1536.92,3629.65,138.2813,160.39
2020-11-26,3369.7334,97.315,1540.41,3629.65,138.2813,160.39
2020-11-27,3408.3071,97.175,1550.15,3638.35,138.5469,160.97
2020-11-30,3391.7551,97.67,1541.45,3621.63,138.1406,160.06
2020-12-01,3451.9384,97.485,1545.79,3662.45,137.5156,158.94
2020-12-02,3449.3805,97.255,1548.86,3669.01,137.5156,159.42
2020-12-03,3442.1359,97.235,1548.2,3666.72,137.7031,159.31
2020-12-04,3444.5814,97.435,1567.09,3699.12,137.4063,159.89
2020-12-07,3416.6037,97.31,1577.14,3691.96,137.7188,158.95
2020-12-08,3410.1771,97.535,1562.86,3702.25,137.8125,158.28
2020-12-09,3371.964,97.5,1569.52,3672.82,137.6406,158.92
2020-12-10,3373.2758,97.545,1578.75,3668.1,137.8594,161.39
2020-12-11,3347.191,97.215,1597.71,3663.46,138.0313,161.25
2020-12-14,3369.1201,97.22,1600.16,3647.49,138.0625,162.24
2020-12-15,3367.2326,97.36,1606.75,3694.62,137.9531,163.02
2020-12-16,3366.9832,97.345,1616.15,3701.17,137.9219,163.86
2020-12-17,3404.8732,97.22,1644.69,3722.48,137.8125,165.49
2020-12-18,3394.896,97.065,1668.02,3709.41,137.75,166.45
2020-12-21,3420.5693,97.27,1692.13,3694.92,137.8125,164.83
2020-12-22,3356.7822,97.63,1633.7,3687.26,137.9844,163.61
2020-12-23,3382.3195,97.745,1621.17,3690.01,137.8125,165.28
2020-12-24,3363.1133,97.605,1648.43,3703.06,137.9063,165.55
2020-12-25,3396.5626,97.855,1667.72,3703.06,137.9063,165.55
2020-12-28,3397.2854,97.88,1650.09,3735.36,137.9688,164.13
2020-12-29,3379.0362,98.02,1634.98,3727.04,137.8906,165.37
2020-12-30,3414.4527,98.21,1638.34,3732.04,137.9688,166.68
2020-12-31,3473.0693,97.995,1644.97,3756.07,138.0313,167.8
2021-01-04,3502.9584,97.84,1682.7,3700.65,138.1563,167.35
2021-01-05,3528.6767,98.07,1679.56,3726.86,137.8281,171.7
2021-01-06,3550.8767,98.105,1697.26,3748.14,137.25,172.11
2021-01-07,3576.2046,98.125,1725.45,3803.79,136.9219,172.31
2021-01-08,3570.1082,97.94,1724.16,3824.68,136.5781,173.35
2021-01-11,3531.4978,97.835,1675.98,3799.61,136.4063,172.73
2021-01-12,3608.3389,97.965,1689.61,3801.19,136.4219,174.95
2021-01-13,3598.6518,98.04,1695.75,3809.84,136.8125,175.19
2021-01-14,3565.9046,98.2,1684.35,3795.54,136.5469,176.77
2021-01-15,3566.3778,97.92,1687.18,3768.25,136.9219,175.25
2021-01-18,3596.2237,97.825,1693.31,3768.25,136.9219,175.25
2021-01-19,3566.3814,97.86,1677.23,3798.91,136.9375,174.69
2021-01-20,3583.092,97.97,1685.91,3851.85,136.9844,175.14
2021-01-21,3621.2641,98.185,1694.59,3853.07,136.875,175.16
2021-01-22,3606.7496,98.35,1667.13,3841.47,137.0313,172.85
2021-01-25,3624.2381,98.335,1667.16,3855.36,137.3594,174.44
2021-01-26,3569.429,97.925,1648.76,3849.62,137.375,175.42
2021-01-27,3573.3412,97.97,1670.63,3750.77,137.4844,175.33
2021-01-28,3505.1759,97.68,1646,3787.38,137.25,174.29
2021-01-29,3483.0692,97.745,1652.5,3714.24,137.2188,174.2
2021-02-01,3505.2836,97.805,1661.08,3773.86,137.1719,177.23
2021-02-02,3533.6849,97.75,1652.17,3826.31,137,178.02
2021-02-03,3517.308,97.41,1646.83,3830.17,136.75,179.05
2021-02-04,3501.8592,97.23,1676.47,3871.74,136.7969,180.24
2021-02-05,3496.3329,97.235,1685.81,3886.83,136.7031,181.39
2021-02-08,3532.4467,97.275,1701.75,3915.59,136.6094,183.55
2021-02-09,3603.489,97.325,1727.48,3911.23,136.7031,184.22
2021-02-10,3655.088,97.14,1718.42,3909.88,136.9688,184.07
2021-02-18,3675.3571,96.765,1789.55,3913.97,135.7969,188.67
2021-02-19,3696.168,96.68,1788.77,3906.71,135.4844,188.62
2021-02-22,3642.4449,96.605,1813.64,3876.5,135.3281,192.62
2021-02-23,3636.3573,96.64,1832.24,3881.37,135.5469,192.5
2021-02-24,3564.0799,96.715,1830.5,3925.43,135.25,195.13
2021-02-25,3585.0458,96.65,1866.07,3829.34,133.5625,194.59
2021-02-26,3509.0804,96.435,1829.1,3811.15,133.1563,190.43
2021-03-01,3551.3998,96.81,1821.21,3901.82,133.4219,189.37
2021-03-02,3508.5912,96.865,1797.31,3870.29,133.7031,189.98
2021-03-03,3576.9045,96.82,1811.59,3819.72,132.9375,189.96
2021-03-04,3503.4916,96.7,1803.89,3768.47,132.2813,190.75
2021-03-05,3501.9867,97.045,1799.4,3841.94,132.2344,193.45
2021-03-08,3421.4141,97.155,1823.6,3821.35,131.8594,192.28
2021-03-09,3359.292,97.07,1772.35,3875.44,132.4063,191.34
2021-03-10,3357.7372,97.175,1762.94,3898.81,132.5313,191.76
2021-03-11,3436.8313,96.965,1790.23,3939.34,132.5,194.54
2021-03-12,3453.0777,96.89,1779.42,3943.34,131.8438,193.79
2021-03-15,3419.9456,96.745,1783.38,3968.94,131.9375,193.42
2021-03-16,3446.7334,96.805,1772.04,3962.71,131.9063,193.43
2021-03-17,3445.5509,96.9,1784.32,3974.12,131.9531,192.68
2021-03-18,3463.0681,96.795,1777.84,3915.46,131.3594,187.14
2021-03-19,3404.6634,97.065,1720.64,3913.1,131.2188,188.79
2021-03-22,3443.4392,97.12,1724.22,3940.59,131.4531,189.06
2021-03-23,3411.5088,97.22,1734.44,3910.52,132.0313,184.5
2021-03-24,3367.0606,97.52,1723.74,3889.14,132.125,187.91
2021-03-25,3363.5915,97.57,1726.35,3909.52,131.9688,184.35
2021-03-26,3418.3267,97.44,1739.82,3974.54,131.625,187.73
2021-03-29,3435.2958,97.42,1754.56,3971.09,131.3906,187.53
2021-03-30,3456.6766,97.33,1755.46,3958.55,131.3125,184.87
2021-03-31,3441.9115,97.485,1743.57,3972.89,130.9531,184.96
2021-04-01,3466.3315,97.4,1753.17,4019.87,131.4688,186.7
2021-04-02,3484.3924,97.425,1789.62,4019.87,131.4688,186.7
2021-04-06,3482.9674,97.345,1773.42,4073.94,131.6719,185.84
2021-04-07,3479.6256,97.195,1778.19,4079.95,131.6406,186.31
2021-04-08,3482.5548,97.115,1769.89,4097.17,132.0625,187.37
2021-04-09,3450.6772,97.205,1764.39,4128.8,131.7813,186.74
2021-04-12,3412.9477,97.46,1751.65,4127.99,131.6875,186.41
2021-04-13,3396.47,97.805,1767.74,4141.59,132.1094,188.14
2021-04-14,3416.7212,97.79,1778.06,4124.66,131.9375,192.45
2021-04-15,3398.9875,97.7,1806.53,4170.42,132.3906,193.86
2021-04-16,3426.6178,97.785,1822.67,4185.47,132.3125,193.21
2021-04-19,3477.5485,97.865,1817.88,4163.26,132.1875,193.98
2021-04-20,3472.9427,97.88,1832.13,4134.94,132.5781,193.78
2021-04-21,3472.9298,97.97,1822.6,4173.42,132.5625,193.66
2021-04-22,3465.1138,97.885,1821.73,4134.98,132.6406,194.68
2021-04-23,3474.166,97.915,1832.01,4180.17,132.4531,196.06
2021-04-26,3441.1658,97.675,1842.07,4187.62,132.375,198.11
2021-04-27,3442.6111,97.58,1864.87,4186.72,132.0156,200.09
2021-04-28,3457.0683,97.64,1861.61,4183.18,132.1719,200.36
2021-04-29,3474.9011,97.635,1876.82,4211.47,131.9688,200.67
2021-04-30,3446.8564,98.015,1861.45,4181.17,132.0938,199.76
2021-05-06,3441.2826,98.075,1923.45,4201.62,132.5781,205.25
2021-05-07,3418.8741,97.945,1944.47,4232.6,132.7188,206.96
2021-05-10,3427.9909,97.99,1986.27,4188.43,132.5938,206.16
2021-05-11,3441.8454,98.21,1959.81,4152.1,132.4531,207.55
2021-05-12,3462.7513,98.255,1995.62,4063.04,131.9219,207.96
2021-05-13,3429.5361,98.3,1941.29,4112.5,132.2188,202.95
2021-05-14,3490.3762,98.35,1897.74,4173.85,132.4375,203.29
2021-05-17,3517.6158,98.27,1917.19,4163.29,132.2656,205.94
2021-05-18,3529.0144,98.22,1949.49,4127.83,132.4219,205.78
2021-05-19,3510.9647,98.51,1899.6,4115.68,132.0781,201.86
2021-05-20,3506.9444,98.425,1871.21,4159.12,132.5156,200
2021-05-21,3486.5569,98.61,1837.48,4155.86,132.5,200.87
2021-05-24,3497.2821,98.485,1838.66,4197.05,132.6406,202.96
2021-05-25,3581.3418,98.46,1848.58,4188.13,132.9844,202.44
2021-05-26,3593.357,98.56,1828.02,4195.99,132.8594,203.44
2021-05-27,3608.8507,98.36,1838.55,4200.88,132.6563,205.78
2021-05-28,3600.7844,98.265,1865.33,4204.11,131.8125,205.7
2021-05-31,3615.4773,98.38,1878.74,4204.11,131.8125,205.7
2021-06-01,3624.7138,98.405,1915.29,4202.04,131.8281,208.44
2021-06-02,3597.1379,98.2,1904.77,4208.12,131.9531,209.28
2021-06-03,3584.2121,98.295,1932.26,4192.85,131.5938,207.47
2021-06-04,3591.8447,98.02,1904.19,4229.89,132.2031,210.29
2021-06-07,3599.541,97.815,1881.71,4226.52,132.1094,209.53
2021-06-08,3580.1063,97.86,1888.1,4227.26,132.3906,211.21
2021-06-09,3591.3965,97.77,1909.7,4219.55,132.7188,211.17
2021-06-10,3610.859,97.88,1903.58,4239.18,133.125,212.19
2021-06-11,3589.7481,97.69,1940.99,4247.44,132.9063,212.25
2021-06-15,3556.559,97.76,1916.15,4246.59,132.5625,210.18
2021-06-16,3518.3292,97.77,1901.53,4223.7,131.6563,210.17
2021-06-17,3525.6042,97.675,1907.42,4221.86,132.0156,204.24
2021-06-18,3525.0968,98.01,1873.27,4166.45,132.3906,205.86
2021-06-21,3529.1826,98.285,1853.49,4224.79,132.1563,207.87
2021-06-22,3557.412,98.31,1878.81,4246.44,132.375,207.88
2021-06-23,3566.2199,98.335,1903.72,4241.84,132.1563,209.24
2021-06-24,3566.6539,98.325,1903.09,4266.49,132.1094,209.51
2021-06-25,3607.5618,98.285,1923.51,4280.7,131.9375,210.42
2021-06-28,3606.3722,98.165,1918.81,4290.61,132.25,210.94
2021-06-29,3573.1779,98.32,1893.37,4291.8,132.2813,211.32
2021-06-30,3591.197,98.42,1906.32,4297.5,132.3281,213.39
2021-07-01,3588.7816,98.315,1908.98,4319.94,132.375,214.57
2021-07-02,3518.7595,98.37,1925.63,4352.34,132.7656,214.95
2021-07-05,3534.3222,98.395,1954.1,4352.34,132.7656,214.95
2021-07-06,3530.2589,98.28,1965.44,4343.54,133.3594,210.24
2021-07-07,3553.7155,98.675,1941.84,4358.13,133.5625,209.2
2021-07-08,3525.5039,99.065,1910.19,4320.82,133.8125,209.55
2021-07-09,3524.0881,99.005,1920.65,4369.55,133.3906,211.8
2021-07-12,3547.8362,99.37,1927.32,4384.63,133.4063,212.71
2021-07-13,3566.5225,99.425,1946.13,4369.21,132.9844,214.12
2021-07-14,3528.5011,99.605,1957.41,4374.3,133.5,213.38
2021-07-15,3564.5902,99.24,1946.83,4360.03,133.7813,212.25
2021-07-16,3539.3038,99.39,1954.31,4327.16,133.8438,212.58
2021-07-19,3539.1225,99.355,1950.17,4258.49,134.5781,205.59
2021-07-20,3536.7905,99.52,1930.34,4323.06,134.5313,208.99
2021-07-21,3562.6611,99.685,1916.67,4358.69,134.0313,212.98
2021-07-22,3574.7344,99.59,1930.95,4367.48,134.125,216.34
2021-07-23,3550.3964,99.735,1945.54,4411.79,134.1875,216.6
2021-07-26,3467.4409,99.93,1955.58,4422.3,134.0938,219.51
2021-07-27,3381.1833,99.6,1958.14,4401.46,134.3906,218.11
2021-07-28,3361.5895,99.73,1974.17,4400.64,134.4688,219.08
2021-07-29,3411.724,99.855,1984.7,4419.15,134.2031,221.21
2021-07-30,3397.3574,100.355,1971.43,4395.26,134.5625,218.08
2021-08-02,3464.2854,100.495,1949.89,4387.16,134.9375,215.74
2021-08-03,3447.9914,100.33,1918.77,4423.15,135.0156,215.29
2021-08-04,3477.2186,100.3,1940.95,4402.66,134.7969,213.52
2021-08-05,3466.5491,100.55,1908.37,4429.1,134.4219,215.15
2021-08-06,3458.2277,100.485,1931.94,4436.52,133.9531,214.49
2021-08-09,3494.6348,99.94,1900.23,4432.35,133.7344,211.68
2021-08-10,3529.9309,99.925,1914.9,4436.75,133.5,215.23
2021-08-11,3532.6213,99.8,1936.26,4447.7,133.6094,216.7
2021-08-12,3524.7374,100.01,1925.05,4460.83,133.5156,216.96
2021-08-13,3516.2989,99.895,1929.55,4468,134.0938,216.96
2021-08-16,3517.3447,99.805,1926.98,4479.71,134.2188,215.95
2021-08-17,3446.976,99.925,1930.64,4448.08,134.2188,214.14
2021-08-18,3485.2859,100.305,1907.28,4400.27,134.25,212.89
2021-08-19,3465.5546,100.13,1864.35,4405.8,134.2969,209.06
2021-08-20,3427.3338,99.995,1863.97,4441.67,134.1563,206.96
2021-08-23,3477.1321,99.845,1873.13,4479.53,134.2188,211.91
2021-08-24,3514.471,99.995,1916.04,4486.23,133.9219,215.09
2021-08-25,3540.3837,100.115,1929.91,4496.19,133.6094,216.71
2021-08-26,3501.6643,99.73,1918.67,4470,133.5,216.37
2021-08-27,3522.1567,99.9,1932.84,4509.37,133.8906,219.18
2021-08-30,3528.1512,100.1,1944.38,4528.79,134.1563,219.52
2021-08-31,3543.9402,99.995,1936.35,4522.68,133.3906,219.52
2021-09-01,3567.1008,100.46,1920.57,4524.09,133.5,217.98
2021-09-02,3597.0426,100.34,1930.91,4536.95,133.5781,220.01
2021-09-03,3581.7344,100.275,1952.42,4535.43,133.375,220.11
2021-09-06,3621.8593,100.2,1944.56,4535.43,133.375,220.11
2021-09-07,3676.5866,99.96,1970.1,4520.03,132.9844,217.91
2021-09-08,3675.1865,99.96,1953.56,4514.07,133.2031,219.3
2021-09-09,3693.1296,99.88,1971.4,4493.28,133.4688,218.47
2021-09-10,3703.1103,99.985,1956.84,4458.58,133.1406,220.43
2021-09-13,3715.3723,99.61,1957.07,4468.73,133.2656,221.2
2021-09-14,3662.6015,99.655,1950.43,4443.05,133.5469,221.52
2021-09-15,3656.2232,99.48,1956.02,4480.7,133.4063,225.46
2021-09-16,3607.0922,99.625,1947.23,4473.75,133.0469,223.94
2021-09-17,3613.9663,99.785,1924.68,4432.99,132.8281,222.11
2021-09-22,3628.4897,99.97,1956.29,4395.64,133.1875,221.79
2021-09-23,3642.2204,100.085,1967.3,4448.98,132.1875,223.99
2021-09-24,3613.0673,99.91,1971.06,4455.48,132.0938,225.31
2021-09-27,3582.8307,99.805,1986.53,4443.11,131.7344,228.24
2021-09-28,3602.2184,99.715,2004.3,4352.63,131.4531,228.59
2021-09-29,3536.2944,99.945,1992.66,4359.46,131.6406,227.15
2021-09-30,3568.1668,99.86,2022.31,4307.54,131.9063,228.92
2021-10-08,3592.1666,99.505,2078.99,4391.34,131.0313,235.42
2021-10-11,3591.7087,99.075,2124.94,4361.19,130.8438,236.35
2021-10-12,3546.9362,99.105,2109.65,4350.65,131.1406,235.87
2021-10-13,3561.7623,99.125,2085.77,4363.8,131.3281,235.7
2021-10-14,3558.2795,99.17,2104.36,4438.26,131.5313,238.13
2021-10-15,3572.3662,99.14,2129.45,4471.37,130.9531,239.27
2021-10-18,3568.1379,98.67,2153.58,4486.46,130.625,237.89
2021-10-19,3593.1533,98.92,2152.03,4519.63,130.5156,238.25
2021-10-20,3587.0009,98.875,2108.18,4536.19,130.4375,240.35
2021-10-21,3594.7831,99.185,2066.5,4549.78,129.9688,236.6
2021-10-22,3582.6036,99.04,2052.25,4544.9,130.4844,237.68
2021-10-25,3609.8626,99.04,2068.99,4566.48,130.5938,240.58
2021-10-26,3597.6377,99.15,2085.51,4574.79,130.6563,241.18
2021-10-27,3562.3052,99.15,2032.68,4551.68,131.0313,238.95
2021-10-28,3518.4166,99.27,2006.87,4596.42,130.6875,238.47
2021-10-29,3547.3361,99.185,1982.7,4605.38,130.7031,237.7
2021-11-01,3544.4795,99.49,1957.19,4613.67,130.75,239.23
2021-11-02,3505.6283,99.69,1945.11,4630.65,130.9531,239.2
2021-11-03,3498.5368,99.675,1970.68,4660.57,130.5938,235.79
2021-11-04,3526.8657,99.755,1922.84,4680.06,131.2656,233.45
2021-11-05,3491.5677,100.12,1910.74,4697.53,131.8281,235
2021-11-08,3498.6308,100.08,1938.31,4701.7,131.3281,235.55
2021-11-09,3507.0018,100.155,1925.73,4685.25,131.75,236.59
2021-11-10,3492.4616,100.065,1926.06,4646.71,130.75,234.66
2021-11-11,3532.7858,99.835,1952.74,4649.27,130.3594,237.46
2021-11-12,3539.1002,99.785,1925.85,4682.85,130.6719,237.09
2021-11-15,3533.3026,100.075,1898.04,4682.8,130.3281,237.46
2021-11-16,3521.7867,100.04,1905.35,4700.9,130.1719,237.49
2021-11-17,3537.3662,99.97,1909.5,4688.67,130.5156,236.14
2021-11-18,3520.7106,100.11,1879.7,4704.54,130.5938,236.36
2021-11-19,3560.3734,99.78,1924.36,4697.96,130.7344,235.02
2021-11-22,3582.0797,99.875,1920.01,4682.94,129.9688,235.26
2021-11-23,3589.0894,99.815,1934.1,4690.7,129.7656,238.14
2021-11-24,3592.7025,100.145,1983.82,4701.46,129.8594,238.37
2021-11-25,3584.1788,100.08,1983.93,4701.46,129.8594,238.37
2021-11-26,3564.0894,100.355,1932.25,4594.62,131.2188,226.73
2021-11-29,3562.6968,100.275,1921.7,4655.27,131.2969,225.72
2021-11-30,3563.8872,100.22,1885.94,4567,130.75,219.19
2021-12-01,3576.8853,100.085,1909.32,4513.04,131.0938,218.39
2021-12-02,3573.8358,99.92,1879.06,4577.1,130.6094,219.55
2021-12-03,3607.4322,99.745,1900.34,4538.43,131.3594,220.64
2021-12-06,3589.3061,100.195,1900.85,4591.67,130.7031,223.25
2021-12-07,3595.0882,99.805,1936.89,4686.75,130.3438,225.74
2021-12-08,3637.5675,99.765,1934.65,4701.21,130.1094,227.13
2021-12-09,3673.0412,99.855,1928.79,4667.45,130.2656,225.36
2021-12-10,3666.3479,100.015,1918.3,4712.02,130.4063,225.91
2021-12-13,3681.082,99.91,1955.29,4668.97,130.875,225.35
2021-12-14,3661.5253,100.105,1932.78,4634.09,130.6094,224.33
2021-12-15,3647.6303,100.145,1921.1,4709.85,130.5469,223.82
2021-12-16,3675.016,99.975,1954.49,4668.67,131.1563,227.24
2021-12-17,3632.3638,100.08,1961.15,4620.64,131.1406,225.14
2021-12-20,3593.6019,100.055,1924.73,4568.02,131.1094,221.84
2021-12-21,3625.1251,100.1,1947.15,4649.23,130.75,226.35
2021-12-22,3622.6178,100.315,1957.96,4696.56,130.75,230.17
2021-12-23,3643.3391,100.485,1979.16,4725.79,130.5,230.9
2021-12-24,3618.0535,100.375,1998.13,4725.79,130.5,230.9
2021-12-27,3615.9741,100.465,1957.88,4791.19,130.6094,234.35
2021-12-28,3630.1115,100.53,1979.53,4786.35,130.6094,233.84
2021-12-29,3597.0002,100.635,1975.7,4793.06,130.1719,234.86
2021-12-30,3619.1886,100.855,1978.65,4778.73,130.4375,233.96
2021-12-31,3639.7754,100.735,1989.47,4766.18,130.3438,232.37
2022-01-04,3632.3289,100.75,1997.8233,4793.54,129.3906,235.51
2022-01-05,3595.1761,100.6,2017.39,4700.58,128.875,236.71
2022-01-06,3586.0792,100.39,2017.59,4696.05,128.625,236.75
2022-01-07,3579.5427,100.41,2043.61,4677.03,128.375,237.9
2022-01-10,3593.5187,100.55,2033.1564,4670.29,128.2813,236.64
2022-01-11,3567.4409,100.69,2043.72,4713.07,128.4375,241.59
2022-01-12,3597.4321,100.635,2069.4,4726.35,128.375,245.19
2022-01-13,3555.2585,100.63,2070.18,4659.03,128.75,242.9
2022-01-14,3521.2559,100.675,2081.52,4662.85,128.0781,245.43
2022-01-17,3541.666,100.73,2054.96,4662.85,128.0781,245.43
2022-01-18,3569.9144,101.055,2075.79,4577.11,127.2969,247.07
2022-01-19,3558.1796,101.245,2092.26,4532.76,127.375,249.93
2022-01-20,3555.0629,101.205,2119.31,4482.73,127.9063,250.01
2022-01-21,3522.5679,101.38,2113.35,4397.94,128.2344,248.48
2022-01-24,3524.105,101.5,2100.91,4410.13,128.2031,245.59
2022-01-25,3433.0612,101.52,2096.53,4356.45,128.2031,248.78
2022-01-26,3455.6679,101.245,2111.84,4349.93,127.2969,251.93
2022-01-27,3394.2474,101.115,2108.34,4326.51,127.6875,250.91
2022-01-28,3361.4397,101.415,2136.7,4431.85,128.0156,252.85
2022-02-07,3429.5809,101.17,2179.81,4483.87,126.875,260.48
2022-02-08,3452.6288,101.195,2188.58,4521.54,126.5,259.49
2022-02-09,3479.9458,101.12,2152.54,4587.18,126.6406,262.13
2022-02-10,3485.9071,101.085,2188.45,4504.08,125.75,261.58
2022-02-11,3462.9479,100.65,2163.43,4418.64,126.4219,263.08
2022-02-14,3428.8821,100.535,2187.55,4401.67,126.0313,265.43
2022-02-15,3446.0885,100.53,2157.11,4471.07,125.7031,262.07
2022-02-16,3465.8305,100.66,2155.34,4475.01,125.7969,265.26
2022-02-17,3468.0354,100.39,2137.17,4380.26,126.4531,263.68
2022-02-18,3490.7573,100.22,2164.24,4348.87,126.6563,263.62
2022-02-21,3490.6123,99.79,2177.69,4348.87,126.6563,263.62
2022-02-22,3457.146,99.825,2189.01,4304.76,126.5156,267.13
2022-02-23,3489.1465,100.005,2198.51,4225.5,126.1875,268.32
2022-02-24,3429.9564,100.055,2229.87,4288.7,126.4531,269.02
2022-02-25,3451.4061,100.215,2187.72,4384.65,126.4219,264.44
2022-02-28,3462.3064,100.235,2214.77,4373.94,127.5156,269.07
2022-03-01,3488.8347,99.99,2248.92,4306.26,128.5313,280.86
2022-03-02,3484.1916,99.915,2303.08,4386.54,127.25,289.09
2022-03-03,3481.1125,99.59,2374.69,4363.49,127.5625,289.2
2022-03-04,3447.649,99.795,2350.13,4328.87,128.4375,299.95
2022-03-07,3372.8552,99.88,2477.43,4201.09,127.9844,304.23
2022-03-08,3293.5301,99.99,2495.96,4170.7,127.3438,309.12
2022-03-09,3256.3884,99.745,2527.89,4277.88,126.5156,292.09
2022-03-10,3296.0922,99.65,2429.81,4259.52,126.125,291.32
2022-03-11,3309.7467,100.22,2406.44,4204.31,126.0625,295.11
2022-03-14,3223.5328,100.675,2337.87,4173.11,124.8438,288.45
2022-03-15,3063.9652,100.205,2286.91,4262.45,124.7656,281.35
2022-03-16,3170.7103,100.36,2344.5,4357.86,124.2656,280.57
2022-03-17,3215.0445,100.38,2327.45,4411.67,124.4688,290.73
2022-03-18,3251.0724,100.52,2390.17,4463.12,124.5781,292.25
2022-03-21,3253.6857,100.365,2376.29,4461.18,123.3125,299.56
2022-03-22,3259.8619,100.035,2397.5,4511.61,122.6406,299.1
2022-03-23,3271.0325,100.15,2407.18,4456.24,123.3125,306.32
2022-03-24,3250.2644,100.345,2446.9,4520.16,122.6719,304.85
2022-03-25,3212.2399,100.41,2487.42,4543.06,121.7031,307.33
2022-03-28,3214.5027,100.405,2454.79,4575.52,121.7656,299.24
2022-03-29,3203.9393,100.42,2442.88,4631.6,122.2656,294.69
2022-03-30,3266.5959,100.665,2462.33,4602.45,122.6875,301.32
2022-03-31,3252.2029,100.44,2447.05,4530.41,122.6563,295.18
2022-04-01,3282.7166,100.565,2438.14,4545.86,122.1563,293.18
2022-04-06,3283.4261,100.67,2479.33,4481.15,120.7813,293.14
2022-04-07,3236.6951,100.865,2424.06,4500.21,120.4375,294.58
2022-04-08,3251.8502,100.78,2435.19,4488.28,120.125,298.21
2022-04-11,3167.1259,100.61,2404.6,4412.53,119.7188,295.17
2022-04-12,3213.3295,100.51,2462.48,4397.45,120.4063,302.87
2022-04-13,3186.8244,100.67,2458.64,4446.59,120.7188,308.2
2022-04-14,3225.6412,100.685,2490.01,4392.59,119.875,311.92
2022-04-15,3211.2448,100.65,2524.27,4392.59,119.875,311.92
2022-04-18,3195.524,100.235,2536.94,4391.69,119.6563,315.95
2022-04-19,3194.0287,100.19,2527.02,4462.21,118.8906,306.9
2022-04-20,3151.0498,100.17,2510.69,4459.45,119.5,307.24
2022-04-21,3079.8077,100.245,2521.3,4393.66,118.7188,309.21
2022-04-22,3086.9193,100.1,2491,4271.78,118.9844,304.23
2022-04-25,2928.5118,100.33,2390.33,4296.12,119.6094,298.54
2022-04-26,2886.4257,100.275,2411.74,4175.2,120.4844,302.67
2022-04-27,2958.282,100.19,2438.04,4183.96,119.6719,305.71
2022-04-28,2975.4848,100.075,2445.42,4287.5,119.6406,308.02
2022-04-29,3047.0624,100.3,2487.75,4131.93,118.7969,308.27
2022-05-05,3067.7587,100.45,2486.8,4146.87,118.25,313.87
2022-05-06,3001.5605,100.5,2440.88,4123.34,117.6563,311.32
2022-05-09,3004.1409,100.59,2414.95,3991.24,118.4688,299.45
2022-05-10,3035.8442,100.705,2366.59,4001.05,118.7969,297.09
2022-05-11,3058.7027,100.57,2395.38,3935.18,119.1719,304.89
2022-05-12,3054.994,100.685,2383.92,3930.08,119.6875,304.06
2022-05-13,3084.2845,100.57,2413.64,4023.89,119.2813,308.58
2022-05-16,3073.7488,100.625,2434.47,4008.01,119.6094,315.59
2022-05-17,3093.6965,100.655,2451.44,4088.85,118.7188,315.4
2022-05-18,3085.9768,100.77,2403.17,3923.68,119.4063,309.37
2022-05-19,3096.9648,100.38,2416.83,3900.79,119.7813,313.75
2022-05-20,3146.5673,100.275,2448.26,3901.36,120.1563,312.73
2022-05-23,3146.8573,100.48,2447.25,3973.75,119.6094,315.2
2022-05-24,3070.9272,100.515,2406.46,3941.48,120.4375,313.75
2022-05-25,3107.4641,100.6,2435.05,3978.73,120.6094,314.57
2022-05-26,3123.1079,100.965,2430.24,4057.84,120.625,318.66
2022-05-27,3130.2394,100.97,2469.97,4158.24,120.5625,320.52
2022-05-30,3149.0607,100.765,2481.53,4158.24,120.5625,320.52
2022-05-31,3186.4271,100.52,2512.62,4132.15,119.4063,316.54
2022-06-01,3182.1566,100.45,2500.53,4101.23,118.7969,320.02
2022-06-02,3195.458,100.385,2518.99,4176.82,118.8438,323.1
2022-06-06,3236.3719,100.265,2545,4121.43,117.9375,326.82
2022-06-07,3241.7635,100.43,2543.46,4160.68,118.375,327.11
2022-06-08,3263.7934,100.38,2565.82,4115.77,118.0625,329.13
2022-06-09,3238.9543,100.49,2547.99,4017.82,117.875,329.59
2022-06-10,3284.8341,100.415,2541.92,3900.86,116.7969,325.81
2022-06-13,3255.5511,100.355,2510.23,3749.63,115.2813,321.44
2022-06-14,3288.9066,100.35,2501.48,3735.48,114.4375,315.67
2022-06-15,3305.4066,100.225,2449.48,3789.99,115.875,314.79
2022-06-16,3285.3845,100.335,2438.25,3666.77,116.5156,317.17
2022-06-17,3316.7857,100.395,2406.29,3674.84,116.2031,309.08
2022-06-20,3315.4302,100.185,2316.14,3674.84,116.2031,309.08
2022-06-21,3306.7186,100.195,2328.37,3764.79,115.9688,309
2022-06-22,3267.2016,100.335,2276.45,3759.89,116.9219,304.65
2022-06-23,3320.1487,100.185,2297.86,3795.73,117.5469,296.69
2022-06-24,3349.747,100.095,2231.22,3911.74,117.2656,298.55
2022-06-27,3379.1852,99.76,2283.94,3900.11,116.7656,298.78
2022-06-28,3409.2103,99.665,2334.15,3821.55,116.9375,301
2022-06-29,3361.5177,99.78,2316.53,3818.83,117.5469,299.34
2022-06-30,3398.6161,99.995,2304.73,3785.38,118.25,291.15
2022-07-01,3387.6373,99.955,2240.14,3825.33,119.4688,291.83
2022-07-04,3405.4267,99.75,2233.29,3825.33,119.4688,291.83
2022-07-05,3404.0252,99.86,2240.35,3831.39,119.9063,278.16
2022-07-06,3355.3497,99.95,2191.87,3845.08,118.8438,276.13
2022-07-07,3364.398,99.975,2177.16,3902.62,118.3594,285.08
2022-07-08,3356.0778,99.94,2155.61,3899.38,117.75,287.75
2022-07-11,3313.584,100.235,2145,3854.43,118.3281,287.78
2022-07-12,3281.4665,100.32,2099.45,3818.8,118.6094,276.01
2022-07-13,3284.2918,100.4,2078.68,3801.78,118.75,277.93
2022-07-14,3281.744,100.495,2043.01,3790.38,118.4531,273.26
2022-07-15,3228.0609,100.605,1964.4,3863.16,118.7344,277.64
2022-07-18,3278.1033,100.575,2064.16,3830.85,118.2031,286.54
2022-07-19,3279.4313,100.575,2039.02,3936.69,117.9219,285.47
2022-07-20,3304.7243,100.735,2061.05,3959.9,117.8281,287.04
2022-07-21,3272.0012,100.83,2049.71,3998.95,119.1094,281.84
2022-07-22,3269.9739,100.725,2072.73,3961.63,120.1094,281.16
2022-07-25,3250.388,100.73,2076.73,3966.84,119.7969,284.76
2022-07-26,3277.4356,100.945,2132.57,3921.05,119.7031,286.5
2022-07-27,3275.7553,100.85,2115.41,4023.61,120.0313,289.08
2022-07-28,3282.5758,100.715,2189.9,4072.43,121,289.02
2022-07-29,3253.2382,101.05,2194.92,4130.29,121.1563,292.06
2022-08-01,3259.9585,101.255,2207.22,4118.63,121.625,286.11
2022-08-02,3186.2664,101.345,2202.11,4091.19,120.125,283.7
2022-08-03,3163.6741,101.375,2187.45,4155.17,120.3906,281.72
2022-08-04,3189.0391,101.305,2144.17,4151.94,120.5938,281.21
2022-08-05,3227.0267,101.235,2168.98,4145.19,119.4688,281.04
2022-08-08,3236.9337,101.2,2195.79,4140.06,119.8906,281.8
2022-08-09,3247.4318,101.22,2197.86,4122.47,119.5938,284.55
2022-08-10,3230.02,101.14,2188.01,4210.24,119.75,289.27
2022-08-11,3281.6654,101.33,2225.34,4207.27,119.0938,295.06
2022-08-12,3276.8877,101.26,2241.78,4280.15,119.4063,293.48
2022-08-15,3276.087,101.94,2213.64,4297.14,119.75,289.54
2022-08-16,3277.8847,101.985,2215.54,4305.2,119.4688,287.67
2022-08-17,3292.526,102.015,2187.28,4274.04,118.7188,288.87
2022-08-18,3277.5438,102.115,2174.91,4283.74,118.8281,290.33
2022-08-19,3258.0784,101.59,2172.83,4228.48,118.2344,292.03
2022-08-22,3277.7943,101.535,2207.58,4137.99,117.8594,292.83
2022-08-23,3276.2234,101.43,2226.62,4128.73,117.6875,296.31
2022-08-24,3215.2033,101.515,2248.82,4140.77,117.2344,298.86
2022-08-25,3246.2481,101.3,2252.63,4199.12,117.7813,296.75
2022-08-26,3236.2226,101.37,2269.16,4057.66,117.5,299.09
2022-08-29,3240.7275,101.48,2227.51,4030.61,117.0625,301.75
2022-08-30,3227.2203,101.485,2201.52,3986.16,117.1094,293.58
2022-08-31,3202.1378,101.435,2198.29,3955,116.4063,290.41
2022-09-01,3184.9797,101.685,2164.88,3966.85,116.0313,284.62
2022-09-02,3186.4781,101.605,2153.56,3924.26,116.6406,284.47
2022-09-05,3199.9118,101.71,2176.9,3924.26,116.6406,284.47
2022-09-06,3243.4466,101.745,2182.06,3908.19,115.5469,282.62
2022-09-07,3246.2943,101.595,2161.31,3979.87,116.1406,276.52
2022-09-08,3235.5862,101.57,2180.8,4006.18,115.7656,278.31
2022-09-09,3262.0542,101.305,2201.79,4067.36,115.7969,284.12
2022-09-13,3263.7972,101.39,2236.91,3932.69,115.0313,285.77
2022-09-14,3237.5419,101.28,2217.72,3946.01,114.9219,286.33
2022-09-15,3199.9187,101.27,2236.32,3901.35,114.5625,281
2022-09-16,3126.3977,101.265,2215.26,3873.33,114.7031,278.88
2022-09-19,3115.6019,101.335,2201.98,3899.89,114.375,279.78
2022-09-20,3122.4058,101.455,2208.26,3855.93,113.8594,279.54
2022-09-21,3117.1774,101.515,2234.24,3789.93,113.9375,278.23
2022-09-22,3108.9096,101.46,2242.26,3757.99,112.6875,277.85
2022-09-23,3088.3695,101.275,2229.57,3693.23,112.6563,268.47
2022-09-26,3051.226,100.92,2178.99,3655.04,111.0469,264.3
2022-09-27,3093.8618,101.025,2199.21,3647.29,111.0313,265.97
2022-09-28,3045.0668,100.845,2179.17,3719.04,112.6563,271.82
2022-09-29,3041.2046,100.625,2213.76,3640.47,112.1406,271.16
2022-09-30,3024.3905,100.57,2220.39,3585.62,111.7813,268.29
2022-10-10,2974.1454,100.89,2280.55,3612.39,111.0938,283.06
2022-10-11,2979.7926,100.865,2263.51,3588.84,111.0938,281.96
2022-10-12,3025.5055,101.055,2251.82,3577.03,111.4531,279.25
2022-10-13,3016.3561,101.12,2233.96,3669.91,111.0469,282.49
2022-10-14,3071.9868,101.4,2270.35,3583.07,110.5469,276.69
2022-10-17,3084.9423,101.335,2226.29,3677.95,110.7344,275.33
2022-10-18,3080.9574,101.355,2226.23,3719.98,110.8281,271.55
2022-10-19,3044.3777,101.365,2222.13,3695.16,109.9219,271.35
2022-10-20,3035.0504,101.21,2214.15,3665.78,109.3594,271.72
2022-10-21,3038.9291,101.125,2209.39,3752.75,109.7813,272.36
2022-10-24,2977.5554,101.315,2221.27,3797.34,109.6875,271.82
2022-10-25,2976.283,101.19,2218.19,3859.11,110.5781,273.99
2022-10-26,2999.5036,101.395,2209.37,3830.6,111.125,277.35
2022-10-27,2982.9029,101.54,2202.48,3807.3,111.7969,276.81
2022-10-28,2915.9257,101.65,2177.43,3901.06,110.9844,272.62
2022-10-31,2893.4829,101.77,2141.76,3871.98,110.7031,274.13
2022-11-01,2969.1995,101.59,2195.32,3856.1,110.5625,276.34
2022-11-02,3003.3699,101.525,2205.45,3759.69,110.2656,280.66
2022-11-03,2997.8057,101.535,2209.27,3719.89,109.8594,278.32
2022-11-04,3070.7964,101.39,2250.01,3770.55,110.0156,287.55
2022-11-07,3077.817,101.435,2255.74,3806.8,109.6563,286.92
2022-11-08,3064.4928,101.55,2275.09,3828.11,110.2969,284.05
2022-11-09,3048.1676,101.53,2275.89,3748.57,110.6094,279.78
2022-11-10,3036.1318,101.51,2257.45,3956.37,112.5625,282.12
2022-11-11,3087.2926,101.12,2305.15,3992.93,112.2969,285.79
2022-11-14,3083.4013,100.425,2287.74,3957.25,112.1719,282.16
2022-11-15,3134.0778,100.49,2300.96,3991.73,112.75,284.36
2022-11-16,3119.9804,100.27,2306.67,3958.79,113.1719,282.78
2022-11-17,3115.4347,99.825,2296.15,3946.56,112.625,277.6
2022-11-18,3097.2432,99.56,2291.79,3965.34,112.2188,276.4
2022-11-21,3085.0444,99.675,2252.86,3949.94,112.2188,276.52
2022-11-22,3088.9426,99.7,2244.17,4003.58,112.5938,279.24
2022-11-23,3096.9073,99.935,2257.06,4027.26,113,276.87
2022-11-24,3089.3096,100.11,2254.5,4027.26,113,276.87
2022-11-25,3101.6932,99.755,2273.72,4026.12,113.0938,273.25
2022-11-28,3078.5485,99.53,2241.28,3963.94,113.0469,272.92
2022-11-29,3149.7478,99.2,2282.82,3957.63,112.9688,275.52
2022-11-30,3151.3353,99.295,2276.55,4080.11,114.125,279.76
2022-12-01,3165.4711,99.58,2288.21,4076.57,114.7031,279.46
2022-12-02,3156.1442,99.61,2305.99,4071.7,114.7656,276.69
2022-12-05,3211.8144,99.59,2299.27,3998.84,113.9688,270.35
2022-12-06,3212.5334,99.35,2281.69,3941.26,114.2188,267.45
2022-12-07,3199.6194,99.585,2255,3933.92,115.0625,265.89
2022-12-08,3197.3499,99.79,2287.6,3963.51,114.4844,266.4
2022-12-09,3206.9502,99.725,2310.9,3934.38,114,266.28
2022-12-12,3179.0417,99.72,2294.44,3990.56,113.8281,269.37
2022-12-13,3176.3255,99.605,2314.88,4019.65,114.7344,275.03
2022-12-14,3176.5253,100.07,2328.1,3995.32,114.9375,276.63
2022-12-15,3168.6478,99.955,2343.65,3895.75,114.9688,274.72
2022-12-16,3167.8576,99.995,2330.93,3852.36,114.75,271.38
2022-12-19,3107.115,100.19,2291.62,3817.66,114.125,270.56
2022-12-20,3073.7659,100.02,2293.36,3821.62,113.4844,272.27
2022-12-21,3068.4105,100.275,2328.66,3878.44,113.625,276.21
2022-12-22,3054.4313,100.255,2311.95,3822.39,113.4688,273.64
2022-12-23,3045.8664,100.485,2310.35,3844.82,113.1875,278.11
2022-12-26,3065.5626,100.27,2340.05,3844.82,113.1875,278.11
2022-12-27,3095.5678,99.99,2373.77,3829.25,112.4688,278.47
2022-12-28,3087.3997,100.06,2361.23,3783.22,112.1875,277.35
2022-12-29,3073.7016,100.205,2356.41,3849.28,112.5156,276.01
2022-12-30,3089.2579,100.225,2380.66,3839.5,112.2031,277.75
2023-01-03,3116.5119,100.37,2377.13,3824.14,112.9531,270.18
2023-01-04,3123.5164,100.53,2341.68,3852.97,113.3906,264.17
2023-01-05,3155.2162,100.435,2316.14,3808.1,113,263.69
2023-01-06,3157.6365,100.35,2328.75,3895.08,114.3125,264.82
2023-01-09,3176.0845,100.355,2326.3276,3892.09,114.4844,268.64
2023-01-10,3169.5072,100.065,2324.5571,3919.25,113.9844,268.09
2023-01-11,3161.8376,100.18,2345.6565,3969.61,114.5,271.27
2023-01-12,3163.4509,100.19,2353.795,3983.17,115.25,273.77
2023-01-13,3195.3059,100.025,2379.6903,3999.09,114.7656,275.91
2023-01-16,3227.5916,99.8,2360.9321,3999.09,114.7656,275.91
2023-01-17,3224.2448,99.83,2371.0408,3990.97,114.5625,277.22
2023-01-18,3224.406,99.785,2403.96,3928.86,115.8906,276.13
2023-01-19,3240.2794,99.85,2402.99,3898.85,115.6406,276.62
2023-01-20,3264.8138,99.695,2434.3,3972.61,115.0469,278.46
2023-01-30,3269.318,100.03,2425.61,4017.77,114.4063,274.43
2023-01-31,3255.6692,100.205,2404.63,4076.6,114.625,278.09
2023-02-01,3284.9213,100.11,2413.49,4119.21,115.3281,271.8
2023-02-02,3285.6705,100.305,2375.16,4179.76,115.5156,271.63
2023-02-03,3263.4059,100.355,2379.16,4136.48,114.4219,266.19
2023-02-06,3238.6978,100.265,2356.32,4111.08,113.4375,266.21
2023-02-07,3248.094,100.48,2353.15,4164,113.2656,270.79
2023-02-08,3232.1063,100.415,2370.08,4117.86,113.6406,270.94
2023-02-09,3270.3826,100.53,2376.39,4081.5,113.1563,270.48
2023-02-10,3260.6734,100.47,2362.57,4090.46,112.6875,272.67
2023-02-13,3284.1599,100.5,2344.56,4137.29,112.8594,272.79
2023-02-14,3293.2825,100.54,2363.61,4136.13,112.3906,273.56
2023-02-15,3280.4919,100.545,2356.17,4147.6,112.0469,270.38
2023-02-16,3249.0295,100.69,2381.06,4090.41,111.7344,270.25
2023-02-17,3224.0243,100.64,2382.75,4079.09,112.0313,267.57
2023-02-20,3290.3383,100.385,2392.77,4079.09,112.0313,267.57
2023-02-21,3306.5236,99.48,2411.72,3997.34,111.0469,268.48
2023-02-22,3291.1477,99.58,2406.35,3991.05,111.2031,266.1
2023-02-23,3287.477,99.605,2398.89,4012.32,111.4063,266.94
2023-02-24,3267.1597,99.715,2410.7,3970.04,110.875,267.15
2023-02-27,3258.0344,99.735,2382.25,3982.24,111.125,268.6
2023-02-28,3279.6053,99.825,2384.69,3970.15,111.5469,269.84
2023-03-01,3312.3478,99.885,2410.13,3951.39,111.0156,272.81
2023-03-02,3310.6536,99.745,2407.3,3981.35,110.5625,271.3
2023-03-03,3328.3927,99.805,2420.68,4045.64,111.1406,275.05
2023-03-06,3322.0259,100,2406.35,4048.42,111.125,273.59
2023-03-07,3285.0988,100.14,2420.2,3986.37,110.9844,269.58
2023-03-08,3283.2479,100.095,2395.92,3992.01,110.7969,267.02
2023-03-09,3276.0937,100.195,2394.07,3918.32,111.6719,264.65
2023-03-10,3230.0766,100.29,2372.86,3861.59,113.0313,264.99
2023-03-13,3268.6955,100.205,2391.86,3855.76,114.3125,264.67
2023-03-14,3245.3123,100.345,2364.53,3919.29,113.4688,261.08
2023-03-15,3263.3148,100.255,2357.94,3891.93,115.3125,254.03
2023-03-16,3226.8912,100.47,2299.72,3960.28,114.1719,256.65
2023-03-17,3250.546,100.425,2321.05,3916.64,115.5156,254.66
2023-03-20,3234.9103,100.49,2291.51,3951.57,115.0313,255.17
2023-03-21,3255.6505,100.38,2294.91,4002.87,114.1094,257.68
2023-03-22,3265.7475,100.405,2300.35,3936.97,115.4844,258.65
2023-03-23,3286.6491,100.335,2287.48,3948.72,115.8125,257.78
2023-03-24,3265.6537,100.23,2315.17,3970.99,116.1094,258.49
2023-03-27,3251.3971,100.45,2307.66,3977.53,114.9688,262.33
2023-03-28,3245.376,100.445,2322.31,3971.27,114.5781,263.49
2023-03-29,3240.0568,100.47,2332.41,4027.81,114.4688,262.71
2023-03-30,3261.2485,100.37,2340.76,4050.83,114.5,264.38
2023-03-31,3272.8602,100.455,2346.96,4109.31,115.0938,267.73
2023-04-03,3296.396,100.295,2359.07,4124.51,115.5781,271.34
2023-04-04,3312.5578,100.365,2359.36,4100.6,116.2188,271.15
2023-04-06,3312.628,100.35,2347.13,4105.02,116.4063,271.99
2023-04-07,3327.6457,100.55,2362.93,4105.02,116.4063,271.99
2023-04-10,3315.3578,100.605,2337.66,4109.11,115.5,271.69
2023-04-11,3313.5705,100.765,2352.69,4108.94,115.4531,274.73
2023-04-12,3327.1816,100.83,2346.43,4091.95,115.8125,275.73
2023-04-13,3318.3638,100.765,2340.23,4146.22,115.4844,275.59
2023-04-14,3338.1525,100.73,2350.51,4137.64,114.8906,276.22
2023-04-17,3385.6095,100.575,2367.67,4151.32,114.2969,276.81
2023-04-18,3393.3312,100.69,2371.71,4154.87,114.4375,278.93
2023-04-19,3370.1283,100.735,2364.83,4154.52,114.2969,275.02
2023-04-20,3367.031,100.72,2341.42,4129.79,114.7188,271.91
2023-04-21,3301.2575,100.9,2301.46,4133.52,114.4531,270.8
2023-04-24,3275.413,100.96,2277.85,4137.04,115.0469,272.61
2023-04-25,3264.8717,100.955,2284.69,4071.63,115.7344,268.78
2023-04-26,3264.1006,101.09,2276.58,4055.99,115.4063,264.94
2023-04-27,3285.8844,101.3,2243.18,4135.35,114.7656,265.22
2023-04-28,3323.2746,101.255,2250.58,4169.48,115.4688,268.16
2023-05-04,3350.4587,101.385,2222.4,4061.22,116.2656,256.81
2023-05-05,3334.5028,101.68,2226.38,4136.25,115.7656,261.6
2023-05-08,3395.0036,101.48,2268.72,4138.12,115.25,264
2023-05-09,3357.6707,101.545,2246.38,4119.17,115.1719,264.12
2023-05-10,3319.1506,101.705,2250.21,4137.64,115.8125,262.22
2023-05-11,3309.5512,101.835,2209.13,4130.62,116.0625,257.99
2023-05-12,3272.3619,101.755,2183.53,4124.08,115.4063,257.92
2023-05-15,3310.7367,101.7,2210.45,4136.28,115.2188,261.65
2023-05-16,3290.9874,101.71,2202.47,4109.9,114.9375,259.89
2023-05-17,3284.232,101.63,2216.76,4158.77,114.6094,262.28
2023-05-18,3297.3199,101.63,2228.78,4198.05,113.9844,261.66
2023-05-19,3283.5417,101.305,2218.23,4191.98,113.6406,262.13
2023-05-22,3296.4696,101.36,2177.74,4192.63,113.4531,261.58
2023-05-23,3246.238,101.58,2174.67,4145.58,113.625,261.21
2023-05-24,3204.7494,101.575,2157.67,4115.24,113.1875,262.7
2023-05-25,3201.2605,101.47,2148.12,4151.28,112.5469,258.49
2023-05-26,3212.5038,101.36,2167,4205.45,112.4844,260.7
2023-05-29,3221.4484,101.49,2178.18,4205.45,112.4844,260.7
2023-05-30,3224.2133,101.43,2159.02,4205.52,113.2344,255.5
2023-05-31,3204.5644,101.52,2134.04,4179.83,114.375,253.85
2023-06-01,3204.6345,101.65,2173.35,4221.02,114.75,257.37
2023-06-02,3230.0686,101.295,2200.04,4282.37,113.8125,259.69
2023-06-05,3232.441,101.47,2205.53,4273.79,113.9375,260.44
2023-06-06,3195.3404,101.62,2207.62,4283.85,114.0469,260.68
2023-06-07,3197.7587,101.7,2206.06,4267.52,113.0938,261.43
2023-06-08,3213.5855,101.625,2223.19,4293.93,113.6875,262.32
2023-06-09,3231.4055,101.89,2246.04,4298.86,113.4063,260.53
2023-06-12,3228.8336,101.88,2214.51,4338.93,113.4844,256.94
2023-06-13,3233.6734,102.145,2236.55,4369.01,112.8438,260.81
2023-06-14,3228.9887,102.195,2265.85,4372.59,112.9844,260.27
2023-06-15,3252.9751,101.845,2267.65,4425.84,113.4844,266.91
2023-06-16,3273.3341,101.585,2304.1,4409.59,113.0625,270.91
2023-06-19,3255.8057,101.445,2290.07,4409.59,113.0625,270.91
2023-06-20,3240.3648,101.58,2298.53,4388.71,113.3281,267.41
2023-06-21,3197.9011,101.67,2293.24,4365.69,113.2813,270.65
2023-06-26,3150.6189,101.725,2270.71,4328.82,113.2188,263.44
2023-06-27,3189.4427,101.635,2288.22,4378.41,112.8594,259.71
2023-06-28,3189.3758,101.77,2281.11,4376.86,113.2344,259.22
2023-06-29,3182.3812,101.81,2285.75,4396.44,112.2031,259.08
2023-06-30,3202.0623,101.99,2297.63,4450.38,112.0938,261.99
2023-07-03,3243.975,101.88,2326.16,4455.59,111.9375,260.9
2023-07-04,3245.3492,101.745,2319.06,4455.59,111.9375,260.9
2023-07-05,3222.9469,101.915,2318.71,4446.82,111.4063,262.8
2023-07-06,3205.5748,101.855,2339.09,4411.59,110.7031,261.92
2023-07-07,3196.6092,101.935,2322.04,4398.95,110.5156,264.46
2023-07-10,3203.6958,101.975,2324.27,4409.53,111.1875,264.38
2023-07-11,3221.3666,102.045,2348.66,4439.26,111.2969,267.6
2023-07-12,3196.1337,102.05,2367.31,4472.16,112.2344,268.3
2023-07-13,3236.48,102,2379.98,4510.04,112.9844,270.74
2023-07-14,3237.7012,101.965,2400.11,4505.42,112.4375,270.79
2023-07-17,3209.6298,102.145,2367.07,4522.79,112.6094,267.9
2023-07-18,3197.8201,102.225,2387.16,4554.98,112.7031,271.86
2023-07-19,3198.8358,102.175,2401.82,4565.72,112.9219,273.09
2023-07-20,3169.522,102.27,2422.22,4534.87,112.125,274.7
2023-07-21,3167.7452,102.355,2421.18,4536.34,112.2188,276.48
2023-07-24,3164.1608,102.425,2407.8,4554.64,111.9063,280.13
2023-07-25,3231.5213,101.85,2438.56,4567.46,111.7656,281.89
2023-07-26,3223.0279,102.07,2459.4,4566.75,111.9531,280.87
2023-07-27,3216.6709,102.175,2451.43,4537.41,111.0781,280.17
2023-07-28,3275.9257,102.06,2447.58,4582.23,111.4375,280.48
2023-07-31,3291.0398,101.99,2446.8,4588.96,111.375,282.18
2023-08-01,3290.9493,102.01,2472.67,4576.73,111.0938,280.85
2023-08-02,3261.6903,102.09,2467.22,4513.39,110.7969,276.5
2023-08-03,3280.4626,102.22,2410.78,4501.89,110.2813,278.48
2023-08-04,3288.0842,102.25,2431.76,4478.03,111.2969,279.46
2023-08-07,3268.8311,102.31,2425.23,4518.44,111,279.19
2023-08-08,3260.6196,102.35,2408.16,4499.38,111.4219,279.23
2023-08-09,3244.4867,102.335,2426.52,4467.71,111.3594,282.04
2023-08-10,3254.5597,102.3,2422.46,4468.83,110.6875,279.96
2023-08-11,3189.248,102.36,2433.66,4464.05,110.2344,279.74
2023-08-14,3178.4272,102.45,2415.31,4489.72,109.9219,278.1
2023-08-15,3176.1758,102.705,2446.84,4437.86,109.8281,274.3
2023-08-16,3150.1277,102.815,2426.12,4404.33,109.5625,273.46
2023-08-17,3163.7393,102.72,2451.57,4370.36,109.4844,274.39
2023-08-18,3131.953,102.82,2458.51,4369.71,109.6094,275.48
2023-08-21,3092.9777,103.055,2491.38,4399.77,109.0469,274.74
2023-08-22,3120.3338,102.665,2502.22,4387.55,109.0156,273.99
2023-08-23,3078.4021,102.65,2506.98,4436.01,109.8438,274.98
2023-08-24,3082.2439,102.665,2501.66,4376.31,109.5469,275.83
2023-08-25,3064.0747,102.5,2526.93,4405.71,109.4219,278.2
2023-08-28,3098.6363,102.445,2514.1,4433.31,109.6719,278.64
2023-08-29,3135.8867,102.295,2506.62,4497.63,110.3281,279.79
2023-08-30,3137.1375,102.405,2542.85,4514.87,110.8594,281.15
2023-08-31,3119.8764,102.415,2551.16,4507.66,110.9219,281.91
2023-09-01,3133.2467,102.11,2587.72,4515.77,110.5313,284.36
2023-09-04,3177.0603,101.945,2576.88,4515.77,110.5313,284.36
2023-09-05,3154.3693,101.905,2582.68,4496.83,109.9844,284.92
2023-09-06,3158.0769,101.68,2600.19,4465.48,109.7969,284.74
2023-09-07,3122.3523,101.59,2582.94,4451.14,110.0469,283.77
2023-09-08,3116.7191,101.685,2555.88,4457.49,109.8594,284.47
2023-09-11,3142.779,101.745,2579.61,4487.46,109.75,286.34
2023-09-12,3137.0593,101.79,2591.93,4461.9,109.7344,287.35
2023-09-13,3123.0669,101.935,2586.22,4467.44,109.9844,287.62
2023-09-14,3126.5511,102.07,2608.14,4505.1,109.75,290.29
2023-09-15,3117.7434,101.81,2625.6,4450.32,109.4375,289.61
2023-09-18,3125.9319,101.71,2619.33,4453.53,109.5781,289.38
2023-09-19,3124.9567,101.74,2603.53,4443.95,109.1719,290
2023-09-20,3108.5679,101.72,2607.92,4402.2,108.75,288.48
2023-09-21,3084.701,101.87,2567.34,4330,108.3438,285.93
2023-09-22,3132.4316,101.615,2592.98,4320.06,108.7188,285.99
2023-09-25,3115.6071,101.56,2570.02,4337.44,108.2031,284.94
2023-09-26,3102.2726,101.6,2545.29,4273.53,108.2344,284.72
2023-09-27,3107.3156,101.62,2557.9,4274.51,107.7031,287.46
2023-09-28,3110.4753,101.785,2584.31,4299.7,107.9688,287.06
2023-10-09,3096.9224,101.8,2516.7,4335.66,107.8438,280.11
2023-10-10,3075.2361,101.7,2482.3,4358.24,107.7188,279.87
2023-10-11,3078.9556,101.49,2491.56,4376.95,108.1406,277.38
2023-10-12,3107.9007,101.565,2498.37,4349.61,107.3125,278.08
2023-10-13,3088.0991,101.66,2507.44,4327.78,107.7656,283.97
2023-10-16,3073.813,101.755,2547.41,4373.63,107.2031,282.37
2023-10-17,3083.4964,101.605,2531.94,4373.2,106.25,283.08
2023-10-18,3058.7098,101.55,2534.27,4314.6,105.7969,285.83
2023-10-19,3005.3934,101.25,2540.38,4278,105.4375,287.34
2023-10-20,2983.0585,101.47,2524.36,4224.16,106,286.01
2023-10-23,2939.2913,101.59,2507.31,4217.04,106.3906,283.4
2023-10-24,2962.2437,101.48,2517.85,4247.68,106.3906,281.85
2023-10-25,2974.1135,101.715,2523.57,4186.77,105.6406,283.1
2023-10-26,2988.2992,101.67,2533.41,4137.23,106.3281,281.52
2023-10-27,3017.7842,101.685,2544.53,4117.37,106.4688,285.1
2023-10-30,3021.5534,101.725,2556.72,4166.82,106.0938,280.76
2023-10-31,3018.7706,101.89,2533.81,4193.8,105.875,281.15
